tool,document_id,object_id,category,old_matched,new_matched,old_score,new_score,delta
pymupdf,D01,MATH_001,math,False,True,0.0,11.399015481201399,11.399015481201399
pymupdf,D04,MATH_002,math,False,True,0.0,29.83571807101219,29.83571807101219
pymupdf,D04,MATH_003,math,False,True,0.0,29.650943396226413,29.650943396226413
pymupdf,D04,MATH_004,math,False,True,0.0,46.7843137254902,46.7843137254902
pymupdf,D04,MATH_005,math,False,True,0.0,33.02729906969651,33.02729906969651
pymupdf,D05,MATH_006,math,False,True,0.0,19.647831375278596,19.647831375278596
pdfplumber,D01,MATH_001,math,False,True,0.0,10.888664842287197,10.888664842287197
pdfplumber,D04,MATH_002,math,False,True,0.0,27.54826254826255,27.54826254826255
pdfplumber,D04,MATH_003,math,False,True,0.0,27.15151515151515,27.15151515151515
pdfplumber,D04,MATH_004,math,False,True,0.0,42.16030271757826,42.16030271757826
pdfplumber,D04,MATH_005,math,False,True,0.0,27.487511019688515,27.487511019688515
pdfplumber,D05,MATH_006,math,False,True,0.0,17.577955770490153,17.577955770490153
pdfminer,D01,MATH_001,math,False,True,0.0,10.974918211559434,10.974918211559434
pdfminer,D04,MATH_002,math,False,True,0.0,28.44916344916345,28.44916344916345
pdfminer,D04,MATH_003,math,False,True,0.0,28.009009009009013,28.009009009009013
pdfminer,D04,MATH_004,math,False,True,0.0,42.666666666666664,42.666666666666664
pdfminer,D04,MATH_005,math,False,True,0.0,27.005800981704596,27.005800981704596
pdfminer,D05,MATH_006,math,False,True,0.0,20.413171058332352,20.413171058332352
ocr_space,D01,MATH_001,math,False,True,0.0,49.04580152671756,49.04580152671756
ocr_space,D04,MATH_002,math,False,True,0.0,22.008534850640117,22.008534850640117
ocr_space,D04,MATH_003,math,False,True,0.0,53.02173913043479,53.02173913043479
ocr_space,D04,MATH_004,math,False,True,0.0,48.3028083028083,48.3028083028083
ocr_space,D04,MATH_005,math,False,True,0.0,27.863031071655044,27.863031071655044
ocr_space,D05,MATH_006,math,False,True,0.0,54.59953273535165,54.59953273535165
mindee,D01,MATH_001,math,False,True,0.0,9.226559124297856,9.226559124297856
mindee,D04,MATH_002,math,False,True,0.0,21.658393086964516,21.658393086964516
mindee,D04,MATH_003,math,False,True,0.0,21.12820512820513,21.12820512820513
mindee,D04,MATH_004,math,False,True,0.0,32.94553376906318,32.94553376906318
mindee,D04,MATH_005,math,False,True,0.0,21.59406858202039,21.59406858202039
mindee,D05,MATH_006,math,False,True,0.0,9.597069597069599,9.597069597069599
llamaparse,D05,MATH_006,math,False,True,0.0,57.68233101585779,57.68233101585779
