tool,url,accessed
PyMuPDF,https://pymupdf.readthedocs.io/en/latest/,2026-10-04
pdfplumber,https://github.com/jsvine/pdfplumber,2026-10-04
Docling,https://docling-project.github.io/docling/,2026-10-04
pdfminer.six,https://pdfminersix.readthedocs.io/en/latest/,2026-10-04
MinerU,https://github.com/opendatalab/MinerU,2026-10-04
OCR.Space,https://ocr.space/ocrapi,2026-10-04
Nutrient,https://www.nutrient.io/api/data-extraction-api/,2026-10-04
Mindee,https://docs.mindee.com/,2026-10-04
Adobe Extract,https://developer.adobe.com/document-services/docs/overview/pdf-extract-api/,2026-10-04
LlamaParse,https://developers.llamaindex.ai/llamaparse/parse/getting_started/,2026-10-04
