tool,document_id,object_id,detection_policy,detection_tp,detection_fn,candidate_count,gt_count,unmatched_candidate_count
pymupdf,D01,IMG_001,sampled_gt_recall_v1,1,0,1,1,0
pymupdf,D01,DIA_001,sampled_gt_recall_v1,0,1,0,1,0
pymupdf,D01,IMG_002,sampled_gt_recall_v1,1,0,2,1,1
pymupdf,D01,IMG_003,sampled_gt_recall_v1,1,0,1,1,0
pymupdf,D01,DIA_002,sampled_gt_recall_v1,0,1,0,1,0
pymupdf,D02,DIA_003,sampled_gt_recall_v1,0,1,0,1,0
pymupdf,D03,DIA_004,sampled_gt_recall_v1,0,1,0,1,0
pymupdf,D03,DIA_005,sampled_gt_recall_v1,0,1,0,1,0
pymupdf,D04,DIA_006,sampled_gt_recall_v1,0,1,0,1,0
pymupdf,D05,IMG_004,sampled_gt_recall_v1,1,1,1,2,0
pymupdf,D05,IMG_005,sampled_gt_recall_v1,1,1,1,2,0
pymupdf,D05,DIA_007,sampled_gt_recall_v1,0,1,0,1,0
pdfplumber,D01,IMG_001,sampled_gt_recall_v1,1,0,1,1,0
pdfplumber,D01,DIA_001,sampled_gt_recall_v1,0,1,0,1,0
pdfplumber,D01,IMG_002,sampled_gt_recall_v1,1,0,2,1,1
pdfplumber,D01,IMG_003,sampled_gt_recall_v1,1,0,1,1,0
pdfplumber,D01,DIA_002,sampled_gt_recall_v1,0,1,0,1,0
pdfplumber,D02,DIA_003,sampled_gt_recall_v1,0,1,0,1,0
pdfplumber,D03,DIA_004,sampled_gt_recall_v1,0,1,0,1,0
pdfplumber,D03,DIA_005,sampled_gt_recall_v1,0,1,0,1,0
pdfplumber,D04,DIA_006,sampled_gt_recall_v1,0,1,0,1,0
pdfplumber,D05,IMG_004,sampled_gt_recall_v1,1,1,1,2,0
pdfplumber,D05,IMG_005,sampled_gt_recall_v1,1,1,1,2,0
pdfplumber,D05,DIA_007,sampled_gt_recall_v1,0,1,0,1,0
docling,D01,IMG_001,sampled_gt_recall_v1,1,0,1,1,0
docling,D01,DIA_001,sampled_gt_recall_v1,1,0,1,1,0
docling,D01,IMG_002,sampled_gt_recall_v1,1,0,1,1,0
docling,D01,IMG_003,sampled_gt_recall_v1,0,1,0,1,0
docling,D01,DIA_002,sampled_gt_recall_v1,1,0,1,1,0
docling,D02,DIA_003,sampled_gt_recall_v1,1,0,1,1,0
docling,D03,DIA_004,sampled_gt_recall_v1,1,0,2,1,1
docling,D03,DIA_005,sampled_gt_recall_v1,1,0,1,1,0
docling,D04,DIA_006,sampled_gt_recall_v1,1,0,1,1,0
docling,D05,IMG_004,sampled_gt_recall_v1,1,1,1,2,0
docling,D05,IMG_005,sampled_gt_recall_v1,1,1,1,2,0
docling,D05,DIA_007,sampled_gt_recall_v1,1,0,2,1,1
pdfminer,D01,IMG_001,sampled_gt_recall_v1,1,0,1,1,0
pdfminer,D01,DIA_001,sampled_gt_recall_v1,0,1,0,1,0
pdfminer,D01,IMG_002,sampled_gt_recall_v1,1,0,2,1,1
pdfminer,D01,IMG_003,sampled_gt_recall_v1,1,0,1,1,0
pdfminer,D01,DIA_002,sampled_gt_recall_v1,0,1,0,1,0
pdfminer,D02,DIA_003,sampled_gt_recall_v1,0,1,0,1,0
pdfminer,D03,DIA_004,sampled_gt_recall_v1,0,1,0,1,0
pdfminer,D03,DIA_005,sampled_gt_recall_v1,0,1,0,1,0
pdfminer,D04,DIA_006,sampled_gt_recall_v1,0,1,0,1,0
pdfminer,D05,IMG_004,sampled_gt_recall_v1,1,1,1,2,0
pdfminer,D05,IMG_005,sampled_gt_recall_v1,1,1,1,2,0
pdfminer,D05,DIA_007,sampled_gt_recall_v1,0,1,0,1,0
mineru,D01,IMG_001,sampled_gt_recall_v1,1,0,1,1,0
mineru,D01,DIA_001,sampled_gt_recall_v1,0,1,0,1,0
mineru,D01,IMG_002,sampled_gt_recall_v1,1,0,2,1,1
mineru,D01,IMG_003,sampled_gt_recall_v1,1,0,1,1,0
mineru,D01,DIA_002,sampled_gt_recall_v1,0,1,0,1,0
mineru,D02,DIA_003,sampled_gt_recall_v1,1,0,2,1,1
mineru,D03,DIA_004,sampled_gt_recall_v1,1,0,2,1,1
mineru,D03,DIA_005,sampled_gt_recall_v1,0,1,0,1,0
mineru,D04,DIA_006,sampled_gt_recall_v1,1,0,6,1,5
mineru,D05,IMG_004,sampled_gt_recall_v1,2,0,5,2,3
mineru,D05,IMG_005,sampled_gt_recall_v1,2,0,5,2,3
mineru,D05,DIA_007,sampled_gt_recall_v1,0,1,0,1,0
ocr_space,D01,IMG_001,sampled_gt_recall_v1,0,1,0,1,0
ocr_space,D01,DIA_001,sampled_gt_recall_v1,0,1,0,1,0
ocr_space,D01,IMG_002,sampled_gt_recall_v1,0,1,0,1,0
ocr_space,D01,IMG_003,sampled_gt_recall_v1,0,1,0,1,0
ocr_space,D01,DIA_002,sampled_gt_recall_v1,0,1,0,1,0
ocr_space,D02,DIA_003,sampled_gt_recall_v1,0,1,0,1,0
ocr_space,D03,DIA_004,sampled_gt_recall_v1,0,1,0,1,0
ocr_space,D03,DIA_005,sampled_gt_recall_v1,0,1,0,1,0
ocr_space,D04,DIA_006,sampled_gt_recall_v1,0,1,0,1,0
ocr_space,D05,IMG_004,sampled_gt_recall_v1,0,2,0,2,0
ocr_space,D05,IMG_005,sampled_gt_recall_v1,0,2,0,2,0
ocr_space,D05,DIA_007,sampled_gt_recall_v1,0,1,0,1,0
nutrient,D01,IMG_001,sampled_gt_recall_v1,1,0,1,1,0
nutrient,D01,DIA_001,sampled_gt_recall_v1,0,1,0,1,0
nutrient,D01,IMG_002,sampled_gt_recall_v1,1,0,2,1,1
nutrient,D01,IMG_003,sampled_gt_recall_v1,1,0,1,1,0
nutrient,D01,DIA_002,sampled_gt_recall_v1,0,1,0,1,0
nutrient,D02,DIA_003,sampled_gt_recall_v1,0,1,0,1,0
nutrient,D03,DIA_004,sampled_gt_recall_v1,0,1,0,1,0
nutrient,D03,DIA_005,sampled_gt_recall_v1,0,1,0,1,0
nutrient,D04,DIA_006,sampled_gt_recall_v1,0,1,0,1,0
nutrient,D05,IMG_004,sampled_gt_recall_v1,2,0,4,2,2
nutrient,D05,IMG_005,sampled_gt_recall_v1,2,0,4,2,2
nutrient,D05,DIA_007,sampled_gt_recall_v1,0,1,0,1,0
mindee,D01,IMG_001,sampled_gt_recall_v1,0,1,0,1,0
mindee,D01,DIA_001,sampled_gt_recall_v1,0,1,0,1,0
mindee,D01,IMG_002,sampled_gt_recall_v1,0,1,0,1,0
mindee,D01,IMG_003,sampled_gt_recall_v1,0,1,0,1,0
mindee,D01,DIA_002,sampled_gt_recall_v1,0,1,0,1,0
mindee,D02,DIA_003,sampled_gt_recall_v1,0,1,0,1,0
mindee,D03,DIA_004,sampled_gt_recall_v1,0,1,0,1,0
mindee,D03,DIA_005,sampled_gt_recall_v1,0,1,0,1,0
mindee,D04,DIA_006,sampled_gt_recall_v1,0,1,0,1,0
mindee,D05,IMG_004,sampled_gt_recall_v1,0,2,0,2,0
mindee,D05,IMG_005,sampled_gt_recall_v1,0,2,0,2,0
mindee,D05,DIA_007,sampled_gt_recall_v1,0,1,0,1,0
adobe_extract,D01,IMG_001,sampled_gt_recall_v1,1,0,1,1,0
adobe_extract,D01,DIA_001,sampled_gt_recall_v1,0,1,0,1,0
adobe_extract,D01,IMG_002,sampled_gt_recall_v1,1,0,2,1,1
adobe_extract,D01,IMG_003,sampled_gt_recall_v1,1,0,3,1,2
adobe_extract,D01,DIA_002,sampled_gt_recall_v1,0,1,0,1,0
adobe_extract,D02,DIA_003,sampled_gt_recall_v1,0,1,0,1,0
adobe_extract,D03,DIA_004,sampled_gt_recall_v1,0,1,0,1,0
adobe_extract,D03,DIA_005,sampled_gt_recall_v1,0,1,0,1,0
adobe_extract,D04,DIA_006,sampled_gt_recall_v1,0,1,0,1,0
adobe_extract,D05,IMG_004,sampled_gt_recall_v1,1,1,13,2,12
adobe_extract,D05,IMG_005,sampled_gt_recall_v1,1,1,13,2,12
adobe_extract,D05,DIA_007,sampled_gt_recall_v1,0,1,0,1,0
llamaparse,D01,IMG_001,sampled_gt_recall_v1,0,1,0,1,0
llamaparse,D01,DIA_001,sampled_gt_recall_v1,0,1,0,1,0
llamaparse,D01,IMG_002,sampled_gt_recall_v1,0,1,0,1,0
llamaparse,D01,IMG_003,sampled_gt_recall_v1,0,1,0,1,0
llamaparse,D01,DIA_002,sampled_gt_recall_v1,0,1,0,1,0
llamaparse,D02,DIA_003,sampled_gt_recall_v1,0,1,0,1,0
llamaparse,D03,DIA_004,sampled_gt_recall_v1,0,1,0,1,0
llamaparse,D03,DIA_005,sampled_gt_recall_v1,0,1,0,1,0
llamaparse,D04,DIA_006,sampled_gt_recall_v1,0,1,0,1,0
llamaparse,D05,IMG_004,sampled_gt_recall_v1,0,2,0,2,0
llamaparse,D05,IMG_005,sampled_gt_recall_v1,0,2,0,2,0
llamaparse,D05,DIA_007,sampled_gt_recall_v1,0,1,0,1,0
