tool,old_text_score,new_text_score,delta_text_score,old_table_score,new_table_score,delta_table_score,old_math_score,new_math_score,delta_math_score,old_chemistry_score,new_chemistry_score,delta_chemistry_score,old_image_score,new_image_score,delta_image_score,old_diagram_score,new_diagram_score,delta_diagram_score,old_overall_score,new_overall_score,delta_overall_score
pymupdf,99.98282967033,99.98282967033,0.0,48.580773338152,48.580773338152,0.0,0.0,0.0,0.0,0.0,82.432814478183,82.432814478183,54.766218154769,54.766218154769,0.0,0.0,0.0,0.0,33.888303527208,47.627105940239,13.738802413030996
pdfplumber,82.897433124495,82.897433124495,0.0,47.441070541082,47.441070541082,0.0,0.0,0.0,0.0,0.0,72.587548791529,72.587548791529,36.016221710078,36.016221710078,0.0,0.0,0.0,0.0,27.725787562609,39.823712361197,12.097924798588004
docling,92.006289067493,92.006289067493,0.0,65.711925844703,65.711925844703,0.0,36.277883881568,36.277883881568,0.0,0.0,73.448501590386,73.448501590386,47.026285927911,47.026285927911,0.0,42.19306332072,42.19306332072,0.0,47.202574673732,59.443991605463,12.241416931730996
pdfminer,81.658444499328,81.658444499328,0.0,0.0,0.0,0.0,0.0,0.0,0.0,0.0,82.587548791528,82.587548791528,54.766221710078,54.766221710078,0.0,0.0,0.0,0.0,22.737444368234,36.502035833489,13.764591465255002
mineru,84.123268162208,84.123268162208,0.0,71.442137576025,71.442137576025,0.0,48.022163052725,48.022163052725,0.0,0.0,47.395047906711,47.395047906711,75.014180343584,75.014180343584,0.0,14.14642778473,14.14642778473,0.0,48.791362819879,56.690537470997,7.8991746511180025
ocr_space,59.261231429979,59.261231429979,0.0,46.109253061142,46.109253061142,0.0,0.0,0.0,0.0,64.057141039719,64.057141039719,0.0,0.0,0.0,0.0,0.0,0.0,0.0,28.237937588473,28.237937588473,0.0
nutrient,93.73179967024,93.73179967024,0.0,70.81571956155,70.81571956155,0.0,33.702367332585,33.702367332585,0.0,0.0,70.381657680873,70.381657680873,44.217995029703,44.217995029703,0.0,0.0,0.0,0.0,40.411313599013,52.141589879158,11.730276280144999
mindee,93.505149921258,93.505149921258,0.0,0.0,0.0,0.0,0.0,0.0,0.0,0.0,52.332710188652,52.332710188652,0.0,0.0,0.0,0.0,0.0,0.0,15.584191653543,24.306310018318,8.722118364775001
adobe_extract,92.202278148988,92.202278148988,0.0,65.86282495883,65.86282495883,0.0,0.0,0.0,0.0,0.0,69.903848066315,69.903848066315,54.766225751754,54.766225751754,0.0,0.0,0.0,0.0,35.471888143262,47.122529487648,11.650641344386003
llamaparse,92.460812994444,92.460812994444,0.0,71.369814193632,71.369814193632,0.0,30.105942543116,30.105942543116,0.0,0.0,69.804140207212,69.804140207212,0.0,0.0,0.0,0.0,0.0,0.0,32.322761621865,43.956784989734,11.634023367868998
