tool,document_id,adapter_action,cloud_api_not_recalled,raw_cache_dir,versioned_cache_dir,fingerprint_raw_acquisition,fingerprint_standardization,fingerprint_normalization,fingerprint_evaluation
pymupdf,D01,reuse_standardized,True,C:\Users\Nocomp\Desktop\nlp\outputs\benchmark\cache\pymupdf\D01\raw,C:\Users\Nocomp\Desktop\nlp\outputs\benchmark\cache\pymupdf\D01\versions\6e8e5953cc12037ffe9811b2,b1a68c9dc5958b0f3937a00c09ab4a616c715f48aaad04bb14690b5c8c8a3616,8ba27037b4a96c8697bfbe2228aa8a5a933dc6934b3e5afdfc70498becc73e4b,5bdd7e50617a571b31e51c4269c5c984a1cf7875866caf641c7a977ce99a2d57,ce8df48ba39627f756b8c0b81ac91218e01c638890aff99fdbdc57c0959d649f
pymupdf,D02,reuse_standardized,True,C:\Users\Nocomp\Desktop\nlp\outputs\benchmark\cache\pymupdf\D02\raw,C:\Users\Nocomp\Desktop\nlp\outputs\benchmark\cache\pymupdf\D02\versions\420266e6bc937bd1ea3ddd08,162955b211be39f823d672f5d26a746d4e4658dfa88f1ab4510b54a3f0a93639,8ba27037b4a96c8697bfbe2228aa8a5a933dc6934b3e5afdfc70498becc73e4b,5bdd7e50617a571b31e51c4269c5c984a1cf7875866caf641c7a977ce99a2d57,ce8df48ba39627f756b8c0b81ac91218e01c638890aff99fdbdc57c0959d649f
pymupdf,D03,reuse_standardized,True,C:\Users\Nocomp\Desktop\nlp\outputs\benchmark\cache\pymupdf\D03\raw,C:\Users\Nocomp\Desktop\nlp\outputs\benchmark\cache\pymupdf\D03\versions\e7ef131448fd34aa9ed09093,77898ec7111af3387e15d8b6fff5f797194cbe749538fbf1fd83b9f99c003dc6,8ba27037b4a96c8697bfbe2228aa8a5a933dc6934b3e5afdfc70498becc73e4b,5bdd7e50617a571b31e51c4269c5c984a1cf7875866caf641c7a977ce99a2d57,ce8df48ba39627f756b8c0b81ac91218e01c638890aff99fdbdc57c0959d649f
pymupdf,D04,reuse_standardized,True,C:\Users\Nocomp\Desktop\nlp\outputs\benchmark\cache\pymupdf\D04\raw,C:\Users\Nocomp\Desktop\nlp\outputs\benchmark\cache\pymupdf\D04\versions\89b45276e191c15bf6cc36de,88919df4f478aaa326d709bcba11c5c6a37f2e48a1b10a59bfb4f29a3c79d62d,8ba27037b4a96c8697bfbe2228aa8a5a933dc6934b3e5afdfc70498becc73e4b,5bdd7e50617a571b31e51c4269c5c984a1cf7875866caf641c7a977ce99a2d57,ce8df48ba39627f756b8c0b81ac91218e01c638890aff99fdbdc57c0959d649f
pymupdf,D05,reuse_standardized,True,C:\Users\Nocomp\Desktop\nlp\outputs\benchmark\cache\pymupdf\D05\raw,C:\Users\Nocomp\Desktop\nlp\outputs\benchmark\cache\pymupdf\D05\versions\7394c9404b1f5c98a913547e,efbd34fda22d199989fec9ce767386af0b611597a83d35227729a7e0436c022f,8ba27037b4a96c8697bfbe2228aa8a5a933dc6934b3e5afdfc70498becc73e4b,5bdd7e50617a571b31e51c4269c5c984a1cf7875866caf641c7a977ce99a2d57,ce8df48ba39627f756b8c0b81ac91218e01c638890aff99fdbdc57c0959d649f
pdfplumber,D01,reuse_standardized,True,C:\Users\Nocomp\Desktop\nlp\outputs\benchmark\cache\pdfplumber\D01\raw,C:\Users\Nocomp\Desktop\nlp\outputs\benchmark\cache\pdfplumber\D01\versions\aba7b7ab48d60e8da092bcf1,064528ebdb9defbd213b98922db0774a4c16b034f32a0e503e10049d91be32ac,1288b452eec4d4714dc8d0ccf78990a5c4b1354f4bea2dc738882bd1435b9f7f,5bdd7e50617a571b31e51c4269c5c984a1cf7875866caf641c7a977ce99a2d57,ce8df48ba39627f756b8c0b81ac91218e01c638890aff99fdbdc57c0959d649f
pdfplumber,D02,reuse_standardized,True,C:\Users\Nocomp\Desktop\nlp\outputs\benchmark\cache\pdfplumber\D02\raw,C:\Users\Nocomp\Desktop\nlp\outputs\benchmark\cache\pdfplumber\D02\versions\b51b66907342f3e1981fe62d,8e2098978602712091f683afc5292c767e3a801f1fbbd48b2326513790a72d2d,1288b452eec4d4714dc8d0ccf78990a5c4b1354f4bea2dc738882bd1435b9f7f,5bdd7e50617a571b31e51c4269c5c984a1cf7875866caf641c7a977ce99a2d57,ce8df48ba39627f756b8c0b81ac91218e01c638890aff99fdbdc57c0959d649f
pdfplumber,D03,reuse_standardized,True,C:\Users\Nocomp\Desktop\nlp\outputs\benchmark\cache\pdfplumber\D03\raw,C:\Users\Nocomp\Desktop\nlp\outputs\benchmark\cache\pdfplumber\D03\versions\4d230b8b5213a153d88234fb,7b916f2df707ced6c7eb4b703b9ded9a3c4ecaa04c778dc5fdad384a6cefb9e0,1288b452eec4d4714dc8d0ccf78990a5c4b1354f4bea2dc738882bd1435b9f7f,5bdd7e50617a571b31e51c4269c5c984a1cf7875866caf641c7a977ce99a2d57,ce8df48ba39627f756b8c0b81ac91218e01c638890aff99fdbdc57c0959d649f
pdfplumber,D04,reuse_standardized,True,C:\Users\Nocomp\Desktop\nlp\outputs\benchmark\cache\pdfplumber\D04\raw,C:\Users\Nocomp\Desktop\nlp\outputs\benchmark\cache\pdfplumber\D04\versions\98a0996ad8269c1bf5ef0e56,ec1558c6e58c1b17091e12c9ca6ba59a0651369ff9e837562954742afd8f63eb,1288b452eec4d4714dc8d0ccf78990a5c4b1354f4bea2dc738882bd1435b9f7f,5bdd7e50617a571b31e51c4269c5c984a1cf7875866caf641c7a977ce99a2d57,ce8df48ba39627f756b8c0b81ac91218e01c638890aff99fdbdc57c0959d649f
pdfplumber,D05,reuse_standardized,True,C:\Users\Nocomp\Desktop\nlp\outputs\benchmark\cache\pdfplumber\D05\raw,C:\Users\Nocomp\Desktop\nlp\outputs\benchmark\cache\pdfplumber\D05\versions\197ef09aca1933e6eb25cfdf,4cd38d8c35f9e63f1f8c60e0ae1f334c8cfb8a277d45c7a1a6a90f43ac796dfc,1288b452eec4d4714dc8d0ccf78990a5c4b1354f4bea2dc738882bd1435b9f7f,5bdd7e50617a571b31e51c4269c5c984a1cf7875866caf641c7a977ce99a2d57,ce8df48ba39627f756b8c0b81ac91218e01c638890aff99fdbdc57c0959d649f
docling,D01,reuse_standardized,True,C:\Users\Nocomp\Desktop\nlp\outputs\benchmark\cache\docling\D01\raw,C:\Users\Nocomp\Desktop\nlp\outputs\benchmark\cache\docling\D01\versions\ec51c30dec0f00b6ac34e5b7,c8c6ffb3859c57498070b01595ae0aa563a0c1638a9b63510aea38408aa3775f,4f36a31506a6e794b871942c1ee342886ba6c804dc40d839f678cafa3922d2ec,5bdd7e50617a571b31e51c4269c5c984a1cf7875866caf641c7a977ce99a2d57,ce8df48ba39627f756b8c0b81ac91218e01c638890aff99fdbdc57c0959d649f
docling,D02,reuse_standardized,True,C:\Users\Nocomp\Desktop\nlp\outputs\benchmark\cache\docling\D02\raw,C:\Users\Nocomp\Desktop\nlp\outputs\benchmark\cache\docling\D02\versions\6db355f7e1b204a8d0281373,7ded3b82822fe7a71f2e5fd6385a8d98fbcade8b76135dd6ff923278523527cd,4f36a31506a6e794b871942c1ee342886ba6c804dc40d839f678cafa3922d2ec,5bdd7e50617a571b31e51c4269c5c984a1cf7875866caf641c7a977ce99a2d57,ce8df48ba39627f756b8c0b81ac91218e01c638890aff99fdbdc57c0959d649f
docling,D03,reuse_standardized,True,C:\Users\Nocomp\Desktop\nlp\outputs\benchmark\cache\docling\D03\raw,C:\Users\Nocomp\Desktop\nlp\outputs\benchmark\cache\docling\D03\versions\13862d1b9bbb856194a8b56c,b01505abb5196a4f470cc83b31266f4feb40f51ca535d5f8c7e9eb48694257c0,4f36a31506a6e794b871942c1ee342886ba6c804dc40d839f678cafa3922d2ec,5bdd7e50617a571b31e51c4269c5c984a1cf7875866caf641c7a977ce99a2d57,ce8df48ba39627f756b8c0b81ac91218e01c638890aff99fdbdc57c0959d649f
docling,D04,reuse_standardized,True,C:\Users\Nocomp\Desktop\nlp\outputs\benchmark\cache\docling\D04\raw,C:\Users\Nocomp\Desktop\nlp\outputs\benchmark\cache\docling\D04\versions\79ba51d90eff71e2b21cbd1e,3dd39404cb68a8b24c60b638e6655660ea66dd309b4d6b46d6a21725cf0ef3a3,4f36a31506a6e794b871942c1ee342886ba6c804dc40d839f678cafa3922d2ec,5bdd7e50617a571b31e51c4269c5c984a1cf7875866caf641c7a977ce99a2d57,ce8df48ba39627f756b8c0b81ac91218e01c638890aff99fdbdc57c0959d649f
docling,D05,reuse_standardized,True,C:\Users\Nocomp\Desktop\nlp\outputs\benchmark\cache\docling\D05\raw,C:\Users\Nocomp\Desktop\nlp\outputs\benchmark\cache\docling\D05\versions\727878c0562f6dc14e88487e,8f76b49f07f409a736dceece3c6115c36f068d8b666a4438df89e8ce25dc8291,4f36a31506a6e794b871942c1ee342886ba6c804dc40d839f678cafa3922d2ec,5bdd7e50617a571b31e51c4269c5c984a1cf7875866caf641c7a977ce99a2d57,ce8df48ba39627f756b8c0b81ac91218e01c638890aff99fdbdc57c0959d649f
pdfminer,D01,reuse_standardized,True,C:\Users\Nocomp\Desktop\nlp\outputs\benchmark\cache\pdfminer\D01\raw,C:\Users\Nocomp\Desktop\nlp\outputs\benchmark\cache\pdfminer\D01\versions\cbfeff44de3b866ad0736931,56192f35b200168384e34aee287481a9e071085eddafe0a322e23a5dde4eafde,3054db9eba04211267af2b8992708812b0a8f56873889d80e8220ecb6551ef5a,5bdd7e50617a571b31e51c4269c5c984a1cf7875866caf641c7a977ce99a2d57,ce8df48ba39627f756b8c0b81ac91218e01c638890aff99fdbdc57c0959d649f
pdfminer,D02,reuse_standardized,True,C:\Users\Nocomp\Desktop\nlp\outputs\benchmark\cache\pdfminer\D02\raw,C:\Users\Nocomp\Desktop\nlp\outputs\benchmark\cache\pdfminer\D02\versions\247a0236f04525b32302681c,2356df16dfc82723afa9f5f4514d0dff13dec0f21a07397b99325a80573a45d9,3054db9eba04211267af2b8992708812b0a8f56873889d80e8220ecb6551ef5a,5bdd7e50617a571b31e51c4269c5c984a1cf7875866caf641c7a977ce99a2d57,ce8df48ba39627f756b8c0b81ac91218e01c638890aff99fdbdc57c0959d649f
pdfminer,D03,reuse_standardized,True,C:\Users\Nocomp\Desktop\nlp\outputs\benchmark\cache\pdfminer\D03\raw,C:\Users\Nocomp\Desktop\nlp\outputs\benchmark\cache\pdfminer\D03\versions\86d1056183535e5805ee9652,8cee8a4a8fafbbd50c7566f90628ce349fd88544d6c45aa201bd34dc5a7b7bd3,3054db9eba04211267af2b8992708812b0a8f56873889d80e8220ecb6551ef5a,5bdd7e50617a571b31e51c4269c5c984a1cf7875866caf641c7a977ce99a2d57,ce8df48ba39627f756b8c0b81ac91218e01c638890aff99fdbdc57c0959d649f
pdfminer,D04,reuse_standardized,True,C:\Users\Nocomp\Desktop\nlp\outputs\benchmark\cache\pdfminer\D04\raw,C:\Users\Nocomp\Desktop\nlp\outputs\benchmark\cache\pdfminer\D04\versions\8fd22469ff676017d5ea3c0b,1280969695aee3165cceae712739592770da2980a7587799d2b64debdbb638ac,3054db9eba04211267af2b8992708812b0a8f56873889d80e8220ecb6551ef5a,5bdd7e50617a571b31e51c4269c5c984a1cf7875866caf641c7a977ce99a2d57,ce8df48ba39627f756b8c0b81ac91218e01c638890aff99fdbdc57c0959d649f
pdfminer,D05,reuse_standardized,True,C:\Users\Nocomp\Desktop\nlp\outputs\benchmark\cache\pdfminer\D05\raw,C:\Users\Nocomp\Desktop\nlp\outputs\benchmark\cache\pdfminer\D05\versions\4ac3ae9fd9eab3b2724857d7,56fc08b6c165abb84ecebca92dc30a0085acbacf92908a6808e8f2ffb7b3bd8c,3054db9eba04211267af2b8992708812b0a8f56873889d80e8220ecb6551ef5a,5bdd7e50617a571b31e51c4269c5c984a1cf7875866caf641c7a977ce99a2d57,ce8df48ba39627f756b8c0b81ac91218e01c638890aff99fdbdc57c0959d649f
mineru,D01,reuse_standardized,True,C:\Users\Nocomp\Desktop\nlp\outputs\benchmark\cache\mineru\D01\raw,C:\Users\Nocomp\Desktop\nlp\outputs\benchmark\cache\mineru\D01\versions\e379828d264d8d3e0386bf31,fd3ad2f2b7ed4860574ed33396e4014797b0cf68094cc5b549a9047b8d7403ef,bcec91d8e480a33775c120c8231f15dad485bf44cd673fabe1c2f5f4254b6e95,5bdd7e50617a571b31e51c4269c5c984a1cf7875866caf641c7a977ce99a2d57,ce8df48ba39627f756b8c0b81ac91218e01c638890aff99fdbdc57c0959d649f
mineru,D02,reuse_standardized,True,C:\Users\Nocomp\Desktop\nlp\outputs\benchmark\cache\mineru\D02\raw,C:\Users\Nocomp\Desktop\nlp\outputs\benchmark\cache\mineru\D02\versions\b7372e8e75bdf514e615f885,96cc1fcf9ea7a98f47fd1d275dc07a408180375c8fd3778fd6627f324932fc85,bcec91d8e480a33775c120c8231f15dad485bf44cd673fabe1c2f5f4254b6e95,5bdd7e50617a571b31e51c4269c5c984a1cf7875866caf641c7a977ce99a2d57,ce8df48ba39627f756b8c0b81ac91218e01c638890aff99fdbdc57c0959d649f
mineru,D03,reuse_standardized,True,C:\Users\Nocomp\Desktop\nlp\outputs\benchmark\cache\mineru\D03\raw,C:\Users\Nocomp\Desktop\nlp\outputs\benchmark\cache\mineru\D03\versions\1545aefc3f839ee30c460890,55d0050dcda37e6dbf5c581630eb514c1be373a8f84a46653f0b63ad3e7a7d66,bcec91d8e480a33775c120c8231f15dad485bf44cd673fabe1c2f5f4254b6e95,5bdd7e50617a571b31e51c4269c5c984a1cf7875866caf641c7a977ce99a2d57,ce8df48ba39627f756b8c0b81ac91218e01c638890aff99fdbdc57c0959d649f
mineru,D04,reuse_standardized,True,C:\Users\Nocomp\Desktop\nlp\outputs\benchmark\cache\mineru\D04\raw,C:\Users\Nocomp\Desktop\nlp\outputs\benchmark\cache\mineru\D04\versions\066f015973ced680b075007f,9c871cba8017c3289e4df3221fae4b49574f78d48c47442da4aba08a583721be,bcec91d8e480a33775c120c8231f15dad485bf44cd673fabe1c2f5f4254b6e95,5bdd7e50617a571b31e51c4269c5c984a1cf7875866caf641c7a977ce99a2d57,ce8df48ba39627f756b8c0b81ac91218e01c638890aff99fdbdc57c0959d649f
mineru,D05,reuse_standardized,True,C:\Users\Nocomp\Desktop\nlp\outputs\benchmark\cache\mineru\D05\raw,C:\Users\Nocomp\Desktop\nlp\outputs\benchmark\cache\mineru\D05\versions\5c9849a9909648b64adf87d4,da6a6ae893c05b2c3db363f4abb3fc4c710f7060a7430bdfc05cad15a2638304,bcec91d8e480a33775c120c8231f15dad485bf44cd673fabe1c2f5f4254b6e95,5bdd7e50617a571b31e51c4269c5c984a1cf7875866caf641c7a977ce99a2d57,ce8df48ba39627f756b8c0b81ac91218e01c638890aff99fdbdc57c0959d649f
ocr_space,D01,standardize_only,True,C:\Users\Nocomp\Desktop\nlp\outputs\benchmark\cache\ocr_space\D01\raw,C:\Users\Nocomp\Desktop\nlp\outputs\benchmark\cache\ocr_space\D01\versions\5ce70794e51bed2dd85dbd09,9b68d7aab92343cdb096f26be4e6095dfb01e30d39bf3d3ac13fe17ae31bed1a,1cfb466c9fe1de51e6958c42f697a28636331e894cd85605706aecad42b75296,5bdd7e50617a571b31e51c4269c5c984a1cf7875866caf641c7a977ce99a2d57,ce8df48ba39627f756b8c0b81ac91218e01c638890aff99fdbdc57c0959d649f
ocr_space,D02,standardize_only,True,C:\Users\Nocomp\Desktop\nlp\outputs\benchmark\cache\ocr_space\D02\raw,C:\Users\Nocomp\Desktop\nlp\outputs\benchmark\cache\ocr_space\D02\versions\75f03fbd67e8ef1ac9d6f819,c702203dc49b9e76e4b9257b5c7d2e8af517ececbf9635aab784d7c24ad41e4c,1cfb466c9fe1de51e6958c42f697a28636331e894cd85605706aecad42b75296,5bdd7e50617a571b31e51c4269c5c984a1cf7875866caf641c7a977ce99a2d57,ce8df48ba39627f756b8c0b81ac91218e01c638890aff99fdbdc57c0959d649f
ocr_space,D03,standardize_only,True,C:\Users\Nocomp\Desktop\nlp\outputs\benchmark\cache\ocr_space\D03\raw,C:\Users\Nocomp\Desktop\nlp\outputs\benchmark\cache\ocr_space\D03\versions\5a6ad69221f41d4fb40904c9,234b3eded768349e7e0bd57b5db9e1564cdbdb7d4bdf464aa0758c9e522add5c,1cfb466c9fe1de51e6958c42f697a28636331e894cd85605706aecad42b75296,5bdd7e50617a571b31e51c4269c5c984a1cf7875866caf641c7a977ce99a2d57,ce8df48ba39627f756b8c0b81ac91218e01c638890aff99fdbdc57c0959d649f
ocr_space,D04,standardize_only,True,C:\Users\Nocomp\Desktop\nlp\outputs\benchmark\cache\ocr_space\D04\raw,C:\Users\Nocomp\Desktop\nlp\outputs\benchmark\cache\ocr_space\D04\versions\6401d7f56d489b55339b9d77,680e73d2e7598fcf1a6099c6458c7a07552c87ae474f930c5c9055bb2c9458e2,1cfb466c9fe1de51e6958c42f697a28636331e894cd85605706aecad42b75296,5bdd7e50617a571b31e51c4269c5c984a1cf7875866caf641c7a977ce99a2d57,ce8df48ba39627f756b8c0b81ac91218e01c638890aff99fdbdc57c0959d649f
ocr_space,D05,standardize_only,True,C:\Users\Nocomp\Desktop\nlp\outputs\benchmark\cache\ocr_space\D05\raw,C:\Users\Nocomp\Desktop\nlp\outputs\benchmark\cache\ocr_space\D05\versions\9ab9067fced8e758e7120920,bdf5db8919de607544ae8b6e1fc25845847c178bd0ff069e9b8563668f46b14c,1cfb466c9fe1de51e6958c42f697a28636331e894cd85605706aecad42b75296,5bdd7e50617a571b31e51c4269c5c984a1cf7875866caf641c7a977ce99a2d57,ce8df48ba39627f756b8c0b81ac91218e01c638890aff99fdbdc57c0959d649f
nutrient,D01,reuse_standardized,True,C:\Users\Nocomp\Desktop\nlp\outputs\benchmark\cache\nutrient\D01\raw,C:\Users\Nocomp\Desktop\nlp\outputs\benchmark\cache\nutrient\D01\versions\db002f8f238d554438f6fe29,2acb3c8f91e73b6710164bdd997400ca9901fe9c91703369176dd220fd9990ee,150377758bfb0fea620ef63d81ba16a659fb225bc40392bde8e91bca829a6c33,5bdd7e50617a571b31e51c4269c5c984a1cf7875866caf641c7a977ce99a2d57,ce8df48ba39627f756b8c0b81ac91218e01c638890aff99fdbdc57c0959d649f
nutrient,D02,reuse_standardized,True,C:\Users\Nocomp\Desktop\nlp\outputs\benchmark\cache\nutrient\D02\raw,C:\Users\Nocomp\Desktop\nlp\outputs\benchmark\cache\nutrient\D02\versions\5e292130e5305690d3562d96,93287de193b641707375fc294a763d166e39a392d1869c5edeb1b8875641a17d,150377758bfb0fea620ef63d81ba16a659fb225bc40392bde8e91bca829a6c33,5bdd7e50617a571b31e51c4269c5c984a1cf7875866caf641c7a977ce99a2d57,ce8df48ba39627f756b8c0b81ac91218e01c638890aff99fdbdc57c0959d649f
nutrient,D03,reuse_standardized,True,C:\Users\Nocomp\Desktop\nlp\outputs\benchmark\cache\nutrient\D03\raw,C:\Users\Nocomp\Desktop\nlp\outputs\benchmark\cache\nutrient\D03\versions\93872495e1872867848eb624,0a19741c3c22bf0e3cecd6474adf160956b5788383d8ec551ab22c41a234d3ab,150377758bfb0fea620ef63d81ba16a659fb225bc40392bde8e91bca829a6c33,5bdd7e50617a571b31e51c4269c5c984a1cf7875866caf641c7a977ce99a2d57,ce8df48ba39627f756b8c0b81ac91218e01c638890aff99fdbdc57c0959d649f
nutrient,D04,reuse_standardized,True,C:\Users\Nocomp\Desktop\nlp\outputs\benchmark\cache\nutrient\D04\raw,C:\Users\Nocomp\Desktop\nlp\outputs\benchmark\cache\nutrient\D04\versions\867023b27b990cea3b0579cf,1945a39d4ff089724c0a2e80c707acc5563832fe7ea6a13f4b890a1062531779,150377758bfb0fea620ef63d81ba16a659fb225bc40392bde8e91bca829a6c33,5bdd7e50617a571b31e51c4269c5c984a1cf7875866caf641c7a977ce99a2d57,ce8df48ba39627f756b8c0b81ac91218e01c638890aff99fdbdc57c0959d649f
nutrient,D05,reuse_standardized,True,C:\Users\Nocomp\Desktop\nlp\outputs\benchmark\cache\nutrient\D05\raw,C:\Users\Nocomp\Desktop\nlp\outputs\benchmark\cache\nutrient\D05\versions\4f3c0242eed55475b8afe42f,324c55daf442c2a3bb84ed36badb14446072df35fdea28901a6f9b4ef6050f22,150377758bfb0fea620ef63d81ba16a659fb225bc40392bde8e91bca829a6c33,5bdd7e50617a571b31e51c4269c5c984a1cf7875866caf641c7a977ce99a2d57,ce8df48ba39627f756b8c0b81ac91218e01c638890aff99fdbdc57c0959d649f
mindee,D01,reuse_standardized,True,C:\Users\Nocomp\Desktop\nlp\outputs\benchmark\cache\mindee\D01\raw,C:\Users\Nocomp\Desktop\nlp\outputs\benchmark\cache\mindee\D01\versions\662001cfac9894c8c4ea3e80,e3f56fb85cdecd394e33faaa03af74930d293be8db05ce194bb811e60e7a6298,52e024d60909a3ca1c5bab14f818bf8fee041ef918b91ff04b24fed5f0f744bc,5bdd7e50617a571b31e51c4269c5c984a1cf7875866caf641c7a977ce99a2d57,ce8df48ba39627f756b8c0b81ac91218e01c638890aff99fdbdc57c0959d649f
mindee,D02,reuse_standardized,True,C:\Users\Nocomp\Desktop\nlp\outputs\benchmark\cache\mindee\D02\raw,C:\Users\Nocomp\Desktop\nlp\outputs\benchmark\cache\mindee\D02\versions\9d6a1f07e1fa8b351d91b1ba,c30c555935b645339f3aa263d7f6bc71f2f5210d5738e4908ae97890722d475a,52e024d60909a3ca1c5bab14f818bf8fee041ef918b91ff04b24fed5f0f744bc,5bdd7e50617a571b31e51c4269c5c984a1cf7875866caf641c7a977ce99a2d57,ce8df48ba39627f756b8c0b81ac91218e01c638890aff99fdbdc57c0959d649f
mindee,D03,reuse_standardized,True,C:\Users\Nocomp\Desktop\nlp\outputs\benchmark\cache\mindee\D03\raw,C:\Users\Nocomp\Desktop\nlp\outputs\benchmark\cache\mindee\D03\versions\24c28fe7a19111b2bba1b6c2,64470c6846157a4fb71fc4653f76cbd116ecad3e94cf0dcd3b85c3c07c87a061,52e024d60909a3ca1c5bab14f818bf8fee041ef918b91ff04b24fed5f0f744bc,5bdd7e50617a571b31e51c4269c5c984a1cf7875866caf641c7a977ce99a2d57,ce8df48ba39627f756b8c0b81ac91218e01c638890aff99fdbdc57c0959d649f
mindee,D04,reuse_standardized,True,C:\Users\Nocomp\Desktop\nlp\outputs\benchmark\cache\mindee\D04\raw,C:\Users\Nocomp\Desktop\nlp\outputs\benchmark\cache\mindee\D04\versions\62662908327fd707564503b8,ea3eda5beee9e920cd4e7700dcec83501fd20f907d5d02573f8d995267e5e034,52e024d60909a3ca1c5bab14f818bf8fee041ef918b91ff04b24fed5f0f744bc,5bdd7e50617a571b31e51c4269c5c984a1cf7875866caf641c7a977ce99a2d57,ce8df48ba39627f756b8c0b81ac91218e01c638890aff99fdbdc57c0959d649f
mindee,D05,reuse_standardized,True,C:\Users\Nocomp\Desktop\nlp\outputs\benchmark\cache\mindee\D05\raw,C:\Users\Nocomp\Desktop\nlp\outputs\benchmark\cache\mindee\D05\versions\5b0b45a42d75b9bca7bda0e4,1b0e287a0ebc457d5b9fb8f4dd6a43d9b2f76f62aee48d2f79f4ee7d0dd7ed80,52e024d60909a3ca1c5bab14f818bf8fee041ef918b91ff04b24fed5f0f744bc,5bdd7e50617a571b31e51c4269c5c984a1cf7875866caf641c7a977ce99a2d57,ce8df48ba39627f756b8c0b81ac91218e01c638890aff99fdbdc57c0959d649f
adobe_extract,D01,reuse_standardized,True,C:\Users\Nocomp\Desktop\nlp\outputs\benchmark\cache\adobe_extract\D01\raw,C:\Users\Nocomp\Desktop\nlp\outputs\benchmark\cache\adobe_extract\D01\versions\2aada0f641595e8200cc5a1a,ea069fd362b200351758f3833e520878900b8c201db75b9ccaa1f2a7ffb6e500,f00887a746661ad2a612d879a8e66f2dbd17b63a7f449ddd46e4f62c23d1cfed,5bdd7e50617a571b31e51c4269c5c984a1cf7875866caf641c7a977ce99a2d57,ce8df48ba39627f756b8c0b81ac91218e01c638890aff99fdbdc57c0959d649f
adobe_extract,D02,reuse_standardized,True,C:\Users\Nocomp\Desktop\nlp\outputs\benchmark\cache\adobe_extract\D02\raw,C:\Users\Nocomp\Desktop\nlp\outputs\benchmark\cache\adobe_extract\D02\versions\2ecf6bca31db589479951102,fd5cb880f16e8368ccb298ceb62a450bfb02d35f5dfa0f3c22579a76b1478c31,f00887a746661ad2a612d879a8e66f2dbd17b63a7f449ddd46e4f62c23d1cfed,5bdd7e50617a571b31e51c4269c5c984a1cf7875866caf641c7a977ce99a2d57,ce8df48ba39627f756b8c0b81ac91218e01c638890aff99fdbdc57c0959d649f
adobe_extract,D03,reuse_standardized,True,C:\Users\Nocomp\Desktop\nlp\outputs\benchmark\cache\adobe_extract\D03\raw,C:\Users\Nocomp\Desktop\nlp\outputs\benchmark\cache\adobe_extract\D03\versions\7869caa546766e3f3aff0082,dbd7b3dcd0df65cfdb6e01a8d10d2061b35a9a6c2d32599a257c192e058cf3ca,f00887a746661ad2a612d879a8e66f2dbd17b63a7f449ddd46e4f62c23d1cfed,5bdd7e50617a571b31e51c4269c5c984a1cf7875866caf641c7a977ce99a2d57,ce8df48ba39627f756b8c0b81ac91218e01c638890aff99fdbdc57c0959d649f
adobe_extract,D04,reuse_standardized,True,C:\Users\Nocomp\Desktop\nlp\outputs\benchmark\cache\adobe_extract\D04\raw,C:\Users\Nocomp\Desktop\nlp\outputs\benchmark\cache\adobe_extract\D04\versions\10ae6a64d9c59f7db047bf03,559b7e156390dfeeaecfd425cc9989ec987ae3aec17bf6e81b951d6f582b337c,f00887a746661ad2a612d879a8e66f2dbd17b63a7f449ddd46e4f62c23d1cfed,5bdd7e50617a571b31e51c4269c5c984a1cf7875866caf641c7a977ce99a2d57,ce8df48ba39627f756b8c0b81ac91218e01c638890aff99fdbdc57c0959d649f
adobe_extract,D05,reuse_standardized,True,C:\Users\Nocomp\Desktop\nlp\outputs\benchmark\cache\adobe_extract\D05\raw,C:\Users\Nocomp\Desktop\nlp\outputs\benchmark\cache\adobe_extract\D05\versions\18a9a0451b0a1448db9136eb,9d502ae9dd7c478f10ccd8a0c3640d1f00ebddc3bb8dc5a50282ea0fd49b59b7,f00887a746661ad2a612d879a8e66f2dbd17b63a7f449ddd46e4f62c23d1cfed,5bdd7e50617a571b31e51c4269c5c984a1cf7875866caf641c7a977ce99a2d57,ce8df48ba39627f756b8c0b81ac91218e01c638890aff99fdbdc57c0959d649f
llamaparse,D01,reuse_standardized,True,C:\Users\Nocomp\Desktop\nlp\outputs\benchmark\cache\llamaparse\D01\raw,C:\Users\Nocomp\Desktop\nlp\outputs\benchmark\cache\llamaparse\D01\versions\0b99a9e95f98c24f36ffcce5,4f38e10512e864639e25c3223446064646c9191f76a76569e4eda2017cc4c3ab,32282e391a3dd08746ac27306e72122296cc47f9ee4e43355ad940f77f397c47,5bdd7e50617a571b31e51c4269c5c984a1cf7875866caf641c7a977ce99a2d57,ce8df48ba39627f756b8c0b81ac91218e01c638890aff99fdbdc57c0959d649f
llamaparse,D02,reuse_standardized,True,C:\Users\Nocomp\Desktop\nlp\outputs\benchmark\cache\llamaparse\D02\raw,C:\Users\Nocomp\Desktop\nlp\outputs\benchmark\cache\llamaparse\D02\versions\1175bf3737a33d2a8ac3c020,61b717f9f102c1eeb9af719a0e3e3053a364afb081abe6a109931461916d8262,32282e391a3dd08746ac27306e72122296cc47f9ee4e43355ad940f77f397c47,5bdd7e50617a571b31e51c4269c5c984a1cf7875866caf641c7a977ce99a2d57,ce8df48ba39627f756b8c0b81ac91218e01c638890aff99fdbdc57c0959d649f
llamaparse,D03,reuse_standardized,True,C:\Users\Nocomp\Desktop\nlp\outputs\benchmark\cache\llamaparse\D03\raw,C:\Users\Nocomp\Desktop\nlp\outputs\benchmark\cache\llamaparse\D03\versions\0c033506084af4721a4e3563,ed7d6bee5bbaacdb5901dc956ae375da7e9737e929e0ce7f9ae01c1d36d21b3d,32282e391a3dd08746ac27306e72122296cc47f9ee4e43355ad940f77f397c47,5bdd7e50617a571b31e51c4269c5c984a1cf7875866caf641c7a977ce99a2d57,ce8df48ba39627f756b8c0b81ac91218e01c638890aff99fdbdc57c0959d649f
llamaparse,D04,reuse_standardized,True,C:\Users\Nocomp\Desktop\nlp\outputs\benchmark\cache\llamaparse\D04\raw,C:\Users\Nocomp\Desktop\nlp\outputs\benchmark\cache\llamaparse\D04\versions\45cf35bac4ff4f665d1ef3fb,78fe3106ce7c1d0f3151afa05e9a18a5fc1978c073cefd6e625193a7721e99b0,32282e391a3dd08746ac27306e72122296cc47f9ee4e43355ad940f77f397c47,5bdd7e50617a571b31e51c4269c5c984a1cf7875866caf641c7a977ce99a2d57,ce8df48ba39627f756b8c0b81ac91218e01c638890aff99fdbdc57c0959d649f
llamaparse,D05,reuse_standardized,True,C:\Users\Nocomp\Desktop\nlp\outputs\benchmark\cache\llamaparse\D05\raw,C:\Users\Nocomp\Desktop\nlp\outputs\benchmark\cache\llamaparse\D05\versions\c01251a9e4a23506a63b722a,8ce87eb98ebc470ec67b9628f36eb11bf65f6ed8165fc2b8e47f46bf0f46bca2,32282e391a3dd08746ac27306e72122296cc47f9ee4e43355ad940f77f397c47,5bdd7e50617a571b31e51c4269c5c984a1cf7875866caf641c7a977ce99a2d57,ce8df48ba39627f756b8c0b81ac91218e01c638890aff99fdbdc57c0959d649f
