tool,document_id,processing_basis,ram_basis,vram_basis,cost_basis,historical_adapter_seconds,current_standardization_seconds,api_cost_usd
pymupdf,D01,adapter_resource_usage.wall_time_seconds,local_process_tree,no_attributable_gpu,not_applicable_local,5.926651500049047,0.14205779999610968,0.0
pymupdf,D02,adapter_resource_usage.wall_time_seconds,local_process_tree,no_attributable_gpu,not_applicable_local,2.479653599963058,0.08452750000287779,0.0
pymupdf,D03,adapter_resource_usage.wall_time_seconds,local_process_tree,no_attributable_gpu,not_applicable_local,2.770310199994128,0.10472740000113845,0.0
pymupdf,D04,adapter_resource_usage.wall_time_seconds,local_process_tree,no_attributable_gpu,not_applicable_local,3.3321928999503143,0.8459313999919686,0.0
pymupdf,D05,adapter_resource_usage.wall_time_seconds,local_process_tree,no_attributable_gpu,not_applicable_local,20.454830200003926,0.760700300015742,0.0
pdfplumber,D01,adapter_resource_usage.wall_time_seconds,local_process_tree,no_attributable_gpu,not_applicable_local,2.3051649000044563,0.16493860000628047,0.0
pdfplumber,D02,adapter_resource_usage.wall_time_seconds,local_process_tree,no_attributable_gpu,not_applicable_local,0.8367144000003464,0.10146820000954904,0.0
pdfplumber,D03,adapter_resource_usage.wall_time_seconds,local_process_tree,no_attributable_gpu,not_applicable_local,0.7538429999985965,0.07660579998628236,0.0
pdfplumber,D04,adapter_resource_usage.wall_time_seconds,local_process_tree,no_attributable_gpu,not_applicable_local,1.0152760999990278,0.09610239998437464,0.0
pdfplumber,D05,adapter_resource_usage.wall_time_seconds,local_process_tree,no_attributable_gpu,not_applicable_local,3.5557425000006333,0.266826500010211,0.0
docling,D01,adapter_resource_usage.wall_time_seconds,local_process_tree,device_used_with_torch_activity,not_applicable_local,680.1475232001394,0.8230280999850947,0.0
docling,D02,adapter_resource_usage.wall_time_seconds,local_process_tree,device_used_with_torch_activity,not_applicable_local,146.29116129968315,0.8143462000007275,0.0
docling,D03,adapter_resource_usage.wall_time_seconds,local_process_tree,device_used_with_torch_activity,not_applicable_local,729.3130992003717,0.8342646000091918,0.0
docling,D04,adapter_resource_usage.wall_time_seconds,local_process_tree,device_used_with_torch_activity,not_applicable_local,976.9017235999927,0.8220227000128943,0.0
docling,D05,adapter_resource_usage.wall_time_seconds,local_process_tree,device_used_with_torch_activity,not_applicable_local,4566.106212200131,0.8187100999930408,0.0
pdfminer,D01,adapter_resource_usage.wall_time_seconds,local_process_tree,no_attributable_gpu,not_applicable_local,1.8365619000978768,0.11177220000536181,0.0
pdfminer,D02,adapter_resource_usage.wall_time_seconds,local_process_tree,no_attributable_gpu,not_applicable_local,0.5476084002293646,0.07992799999192357,0.0
pdfminer,D03,adapter_resource_usage.wall_time_seconds,local_process_tree,no_attributable_gpu,not_applicable_local,0.5754935997538269,0.09605829999782145,0.0
pdfminer,D04,adapter_resource_usage.wall_time_seconds,local_process_tree,no_attributable_gpu,not_applicable_local,0.6343284002505243,0.07647989998804405,0.0
pdfminer,D05,adapter_resource_usage.wall_time_seconds,local_process_tree,no_attributable_gpu,not_applicable_local,266.8974831998348,1.0643097000138368,0.0
mineru,D01,adapter_resource_usage.wall_time_seconds,local_process_tree,device_used_with_torch_activity,not_applicable_local,53.53860120009631,0.10393219999969006,0.0
mineru,D02,adapter_resource_usage.wall_time_seconds,local_process_tree,device_used_with_torch_activity,not_applicable_local,22.587151299696416,0.0359263000136707,0.0
mineru,D03,adapter_resource_usage.wall_time_seconds,local_process_tree,device_used_with_torch_activity,not_applicable_local,17.308833099901676,0.04020369998761453,0.0
mineru,D04,adapter_resource_usage.wall_time_seconds,local_process_tree,device_used_with_torch_activity,not_applicable_local,22.51683109998703,0.07128869998268783,0.0
mineru,D05,adapter_resource_usage.wall_time_seconds,local_process_tree,device_used_with_torch_activity,not_applicable_local,149.11876119999215,0.09254070001770742,0.0
ocr_space,D01,raw.processing_seconds,cloud_client,no_attributable_gpu,actual,156.191,0.09161339999991469,0.0
ocr_space,D02,raw.processing_seconds,cloud_client,no_attributable_gpu,actual,37.934,0.07639400000334717,0.0
ocr_space,D03,raw.processing_seconds,cloud_client,no_attributable_gpu,actual,52.552,0.08377040000050329,0.0
ocr_space,D04,raw.processing_seconds,cloud_client,no_attributable_gpu,actual,83.665,0.09841069998219609,0.0
ocr_space,D05,raw.processing_seconds,cloud_client,no_attributable_gpu,actual,275.492,0.08353319999878295,0.0
nutrient,D01,raw.processing_seconds,cloud_client,no_attributable_gpu,estimated,96.01500000013039,0.08648999998695217,0.0
nutrient,D02,raw.processing_seconds,cloud_client,no_attributable_gpu,estimated,9.140999999828637,0.08131199999479577,0.0
nutrient,D03,raw.processing_seconds,cloud_client,no_attributable_gpu,estimated,5.561999999918044,0.07357189999311231,0.0
nutrient,D04,raw.processing_seconds,cloud_client,no_attributable_gpu,estimated,25.95299999974668,0.07728669999050908,0.0
nutrient,D05,raw.processing_seconds,cloud_client,no_attributable_gpu,estimated,279.35900000017136,0.08723299999837764,0.0
mindee,D01,raw.processing_seconds,cloud_client,no_attributable_gpu,estimated,43.90599999995902,0.13550350000150502,0.0
mindee,D02,raw.processing_seconds,cloud_client,no_attributable_gpu,estimated,11.171999999787658,0.05245570000261068,0.0
mindee,D03,raw.processing_seconds,cloud_client,no_attributable_gpu,estimated,15.407000000122935,0.07786269998177886,0.0
mindee,D04,raw.processing_seconds,cloud_client,no_attributable_gpu,estimated,19.625,0.07737090002046898,0.0
mindee,D05,raw.processing_seconds,cloud_client,no_attributable_gpu,estimated,50.561999999918044,0.20879689999856055,0.0
adobe_extract,D01,raw.processing_seconds,cloud_client,no_attributable_gpu,estimated,23.890000000130385,0.09819650001008995,0.0
adobe_extract,D02,raw.processing_seconds,cloud_client,no_attributable_gpu,estimated,14.125,0.030211899982532486,0.0
adobe_extract,D03,raw.processing_seconds,cloud_client,no_attributable_gpu,estimated,17.483999999705702,0.035898400004953146,0.0
adobe_extract,D04,raw.processing_seconds,cloud_client,no_attributable_gpu,estimated,15.421999999787658,0.04626139998435974,0.0
adobe_extract,D05,raw.processing_seconds,cloud_client,no_attributable_gpu,estimated,67.79700000025332,0.13760690001072362,0.0
llamaparse,D01,raw.processing_seconds,cloud_client,no_attributable_gpu,estimated,56.45300000021234,0.08684340000036173,0.0
llamaparse,D02,raw.processing_seconds,cloud_client,no_attributable_gpu,estimated,45.15599999995902,0.07905509998090565,0.0
llamaparse,D03,raw.processing_seconds,cloud_client,no_attributable_gpu,estimated,39.64099999982864,0.07997449999675155,0.0
llamaparse,D04,raw.processing_seconds,cloud_client,no_attributable_gpu,estimated,39.20299999974668,0.08402029998251237,0.0
llamaparse,D05,raw.processing_seconds,cloud_client,no_attributable_gpu,estimated,92.5,0.08665250000194646,0.0
