tool,document_id,text_blocks,tables,formulas,chemical_objects,images,diagrams
pymupdf,D01,740,15,0,0,13,0
pymupdf,D02,144,9,0,0,5,0
pymupdf,D03,148,2,0,0,11,0
pymupdf,D04,492,0,0,0,579,0
pymupdf,D05,712,0,0,0,22,0
pdfplumber,D01,8580,14,0,0,13,0
pdfplumber,D02,2979,9,0,0,5,0
pdfplumber,D03,1860,2,0,0,11,0
pdfplumber,D04,3450,0,0,0,579,0
pdfplumber,D05,15656,0,0,0,22,0
docling,D01,341,15,48,0,0,12
docling,D02,80,9,2,0,0,1
docling,D03,131,2,0,0,0,11
docling,D04,124,7,12,0,0,3
docling,D05,419,1,88,0,0,20
pdfminer,D01,3048,0,0,0,13,0
pdfminer,D02,857,0,0,0,5,0
pdfminer,D03,649,0,0,0,11,0
pdfminer,D04,1202,0,0,0,3,0
pdfminer,D05,74436,0,0,0,22,0
mineru,D01,353,14,40,0,13,0
mineru,D02,80,9,2,0,0,2
mineru,D03,130,3,0,0,3,6
mineru,D04,137,7,9,0,2,6
mineru,D05,435,1,83,0,14,9
ocr_space,D01,43,10,0,0,0,0
ocr_space,D02,7,8,0,0,0,0
ocr_space,D03,14,2,0,0,0,0
ocr_space,D04,12,4,0,0,0,0
ocr_space,D05,22,0,0,0,0,0
nutrient,D01,409,14,43,0,12,0
nutrient,D02,99,9,2,0,1,0
nutrient,D03,153,2,0,0,11,0
nutrient,D04,146,7,10,0,3,0
nutrient,D05,464,2,85,0,25,0
mindee,D01,43,0,0,0,0,0
mindee,D02,7,0,0,0,0,0
mindee,D03,14,0,0,0,0,0
mindee,D04,12,0,0,0,0,0
mindee,D05,22,0,0,0,0,0
adobe_extract,D01,687,1,0,0,172,0
adobe_extract,D02,251,1,0,0,3,0
adobe_extract,D03,218,1,0,0,15,0
adobe_extract,D04,467,2,0,0,29,0
adobe_extract,D05,549,0,0,0,268,0
llamaparse,D01,424,14,81,0,0,0
llamaparse,D02,99,11,33,0,0,0
llamaparse,D03,146,8,3,0,1,0
llamaparse,D04,133,14,206,0,0,0
llamaparse,D05,416,11,760,0,0,0
