tool,document_id,object_id,page,matched,match_method,reference_latex,compared_latex,baseline_score
pymupdf,D01,MATH_001,17,False,unmatched,\tilde{R}_{x}=\frac{U_{\mathrm{в}}}{I_{\mathrm{а}}}=\frac{U_R}{I_0+I_{\mathrm{в}}}=\frac{R_x}{1+\frac{R_x}{R_{\mathrm{в}}}},,0.0
pymupdf,D04,MATH_002,1,False,unmatched,"{}_{0}^{t}D_*^{\alpha}f(t)=\frac{1}{\Gamma(1-\alpha)}\int_{0}^{t}\frac{f'(\tau)}{(t-\tau)^{\alpha}}\,d\tau,\quad 0<\alpha<1",,0.0
pymupdf,D04,MATH_003,2,False,unmatched,"{}_{0}^{t}D^{\alpha}f(t)=\frac{1}{\Gamma(1-\alpha)}\frac{d}{dt}\int_{0}^{t}\frac{f(\tau)}{(t-\tau)^{\alpha}}\,d\tau,\quad 0<\alpha<1",,0.0
pymupdf,D04,MATH_004,3,False,unmatched,"{}_{0}^{t}D_*^{\alpha}u(x,t)=\Delta^{\beta/2}u(x,t),\quad -1<x<1,\ 0<t<T;\quad u(-1,t)=u(1,t)=0,\ 0<t<T;\quad u(x,0)=f(x),\ -1<x<1",,0.0
pymupdf,D04,MATH_005,6,False,unmatched,"E_{\alpha}(z)=\sum_{k=0}^{\infty}\frac{z^k}{\Gamma(\alpha k+1)},\quad \alpha>0;\qquad u(x,t)=\sum_{n=0}^{\infty}C_nE_{\alpha}(-\pi^2n^2\lambda^2t^{\alpha})\sin(\pi n x)",,0.0
pymupdf,D05,MATH_006,19,False,unmatched,"j(t)=j_e(t)+j_i(t)+j_d(t),\quad j_e(t)=\varepsilon\varepsilon_0\left.\frac{\partial E_1}{\partial t}\right|_{x=0},\quad j_i(t)=e(\mu_1n_{10}+\mu_2n_{20})E_0+\left.e\mu_2n_{20}E_1\right|_{x=0},\quad j_d(t)=\left.e\mu_2n_{21}\right|_{x=0}E_0",,0.0
pdfplumber,D01,MATH_001,17,False,unmatched,\tilde{R}_{x}=\frac{U_{\mathrm{в}}}{I_{\mathrm{а}}}=\frac{U_R}{I_0+I_{\mathrm{в}}}=\frac{R_x}{1+\frac{R_x}{R_{\mathrm{в}}}},,0.0
pdfplumber,D04,MATH_002,1,False,unmatched,"{}_{0}^{t}D_*^{\alpha}f(t)=\frac{1}{\Gamma(1-\alpha)}\int_{0}^{t}\frac{f'(\tau)}{(t-\tau)^{\alpha}}\,d\tau,\quad 0<\alpha<1",,0.0
pdfplumber,D04,MATH_003,2,False,unmatched,"{}_{0}^{t}D^{\alpha}f(t)=\frac{1}{\Gamma(1-\alpha)}\frac{d}{dt}\int_{0}^{t}\frac{f(\tau)}{(t-\tau)^{\alpha}}\,d\tau,\quad 0<\alpha<1",,0.0
pdfplumber,D04,MATH_004,3,False,unmatched,"{}_{0}^{t}D_*^{\alpha}u(x,t)=\Delta^{\beta/2}u(x,t),\quad -1<x<1,\ 0<t<T;\quad u(-1,t)=u(1,t)=0,\ 0<t<T;\quad u(x,0)=f(x),\ -1<x<1",,0.0
pdfplumber,D04,MATH_005,6,False,unmatched,"E_{\alpha}(z)=\sum_{k=0}^{\infty}\frac{z^k}{\Gamma(\alpha k+1)},\quad \alpha>0;\qquad u(x,t)=\sum_{n=0}^{\infty}C_nE_{\alpha}(-\pi^2n^2\lambda^2t^{\alpha})\sin(\pi n x)",,0.0
pdfplumber,D05,MATH_006,19,False,unmatched,"j(t)=j_e(t)+j_i(t)+j_d(t),\quad j_e(t)=\varepsilon\varepsilon_0\left.\frac{\partial E_1}{\partial t}\right|_{x=0},\quad j_i(t)=e(\mu_1n_{10}+\mu_2n_{20})E_0+\left.e\mu_2n_{20}E_1\right|_{x=0},\quad j_d(t)=\left.e\mu_2n_{21}\right|_{x=0}E_0",,0.0
docling,D01,MATH_001,17,True,bbox_iou,\tilde{R}_{x}=\frac{U_{\mathrm{в}}}{I_{\mathrm{а}}}=\frac{U_R}{I_0+I_{\mathrm{в}}}=\frac{R_x}{1+\frac{R_x}{R_{\mathrm{в}}}},"\widetilde{R}_{x}=\frac{U_{_{B}}}{I_{_{a}}}+\frac{U_{_{R}}}{I_{_{0}}+I_{_{B}}}=\frac{R_{_{x}}}{1+\frac{R_{_{x}}}{R_{_{B}}}},",45.23127707860532
docling,D04,MATH_002,1,True,bbox_iou,"{}_{0}^{t}D_*^{\alpha}f(t)=\frac{1}{\Gamma(1-\alpha)}\int_{0}^{t}\frac{f'(\tau)}{(t-\tau)^{\alpha}}\,d\tau,\quad 0<\alpha<1","\mathcal{D}_{*}^{\alpha}f(t)=\frac{1}{\Gamma(1-\alpha)}\int_{0}^{t}\frac{f^{\prime}(\tau)}{(t-\tau)^{\alpha}}d\tau,\\0<\alpha<1.",53.96428571428572
docling,D04,MATH_003,2,True,bbox_iou,"{}_{0}^{t}D^{\alpha}f(t)=\frac{1}{\Gamma(1-\alpha)}\frac{d}{dt}\int_{0}^{t}\frac{f(\tau)}{(t-\tau)^{\alpha}}\,d\tau,\quad 0<\alpha<1","tD^{\alpha}f(t)=\frac{1}{\Gamma(1-\alpha)}\frac{d}{dt}\int_{0}^{t}\frac{f(\tau)}{(t-\tau)^{\alpha}}d\tau,0<\alpha<1.",54.64608957994894
docling,D04,MATH_004,3,True,bbox_iou,"{}_{0}^{t}D_*^{\alpha}u(x,t)=\Delta^{\beta/2}u(x,t),\quad -1<x<1,\ 0<t<T;\quad u(-1,t)=u(1,t)=0,\ 0<t<T;\quad u(x,0)=f(x),\ -1<x<1","t\mathcal{D}_{*}^{\alpha}u(x,t)&=\Delta^{\beta/2}u(x,t),-1<x<1,\0<t<T,\\u(-1,t)&=u(1,t)=0,0<t<T,\\u(x,0)&=f(x),-1<x<1,",51.89174412247131
docling,D04,MATH_005,6,True,bbox_iou,"E_{\alpha}(z)=\sum_{k=0}^{\infty}\frac{z^k}{\Gamma(\alpha k+1)},\quad \alpha>0;\qquad u(x,t)=\sum_{n=0}^{\infty}C_nE_{\alpha}(-\pi^2n^2\lambda^2t^{\alpha})\sin(\pi n x)","u(x,t)=\sum_{n=0}^{\infty}C_{n}E_{\alpha}(-\pi^{2}n^{2}\lambda^{2}t^{\alpha})\sin(\pinx).",39.40848806366048
docling,D05,MATH_006,19,True,bbox_iou,"j(t)=j_e(t)+j_i(t)+j_d(t),\quad j_e(t)=\varepsilon\varepsilon_0\left.\frac{\partial E_1}{\partial t}\right|_{x=0},\quad j_i(t)=e(\mu_1n_{10}+\mu_2n_{20})E_0+\left.e\mu_2n_{20}E_1\right|_{x=0},\quad j_d(t)=\left.e\mu_2n_{21}\right|_{x=0}E_0","\Piocje\colon&\rhoje_{N}ha(55)\n\\PiocjeA\bar{h}\\bar{b}epx,\\\home(5)c\&\top\Pioc\bar{b}\\Pio\J\bar{h}\\Pio\bar{h}\\Pio\bar{h}\\Pio\J\bar{h}\\Pio\J\bar{h}\\Pio\J\bar{h}\\Pio\J\bar{h}\\Pio\J\bar{h}\\Pio\J\bar{h}\\Pio\J\bar{h}\\Pio\J\bar{h}\\Pio\J\bar{h}\\Pio\J\bar{h}\\Pio\J\bar{h}\\Pio\J\bar{h}\\Pio\J\bar{h}\\Pio\J\bar{h}\\Pio\J\bar{h}\\Pio\J\bar{h}\\Pio\J\bar{h}\\Pio\J\bar{h}\\Pio\J\bar{h}\\Pio\J\bar{h}\\Pio\J\bar{h}\\Pio\J\bar{h}\\Pio\J\bar{h}\\Pio\J\bar{h}\\Pio\J\bar{h}\\Pio\J\bar{h}\\Pio\J\bar{h}\\Pio\J\bar{h}\\Pio\J\bar{h}\\Pio\J\bar{h}\\Pio\J\bar{h}\\Pio\J\bar{h}\\Pio\J\bar{h}\\Pio\J\bar{h}\\Pio\J\bar{h}\\Pio\J\bar{h}\\Pio\J\bar{h}\\Pio\J\bar{h}\\Pio\J\bar{h}\\Pio\J\bar{h}\\Pio\J\bar{h}\\Pio\J\bar{h}\\Pio\J\bar{h}\\Pio\J\bar{h}\\Pio\J\bar{h}\\Pio\J\bar{h}\\Pio\J\bar{h}\\Pio\J\bar{h}\\Pio\J\bar{h}\\Pio\J\bar{h}\\Pio\J\bar{h}\\Pio\J\bar{h}\\Pio\J\bar{h}\\Pio\J\bar{h}\\Pio\J\bar{h}\\Pio\J\bar{h}\\Pio\J\bar{h}\\Pio\J\bar{h}\\Pio\J\bar{h}\\Pio\J\bar{h}\\Pio\J\bar{h}\\Pio\J\bar{h}\\Pio\J\bar{h}\\Pio\J\bar{h}\\Pio\J\bar{h}\\Pio\J\bar{h}\\Pio\J\bar{h}\\Pio\J\bar{h}\\Pio\J\bar{h}\\Pio\J\bar{h}\\Pio\J\bar{h}\\Pio\J\bar{h}\\Pio\J\bar{h}\\Pio\J\bar{h}\\Pio\J\bar{h}\\Pio\J\bar{h}\\Pio\J\bar{h}\\Pio\J\bar{h}\\Pio\J\bar{h}\\Pio\J\bar{h}\\Pio\J\bar{h}\\Pio\J\bar{h}\\Pio\J\bar{h}\\Pio\J\bar{h}\\Pio\J\bar{h}\\Pio\J\bar{h}\\Pio\J\bar{h}\\Pio\J\bar{h}\\Pio\J\bar{h}\\Pio\J\bar{h}\\Pio\J\bar{h}\\Pio\J\bar{h}\\Pio\J\bar{h}\\Pio\J\bar{h}\\Pio\J\bar{h}\\Pio\J\bar{h}\\Pio\J\bar{h}\\Pio\J\bar{h}\\Pio\J\bar{h}\\Pio\J\bar{h}\\Pio\J\bar{h}\\Pio\J\bar{h}\\Pio\J\bar{h}\\Pio\J\bar{h}\\Pio\J\bar{h}\\Pio\J\bar{h}\\Pio\J\bar{h}\\Pio\J\bar{h}\\Pio\J\bar{h}\\Pio\J\bar{h}\\Pio\J\bar{h}\\Pio\J\bar{h}\\Pio\J\bar{h}\\Pio\J\bar{h}\\Pio\J\bar{h}\\Pio\J\bar{h}\\Pio\J\bar{h}\\Pio\J\bar{h}\\Pio\J\bar{h}\\Pio\J\bar{h}\\Pio\J\bar{h}\\Pio\J\bar{h}\\Pio\J\bar{h}\\Pio\J\bar{h}\\Pio\J\bar{h}\\Pio\J\bar{h}\\Pio\J\bar{h}\\Pio\J\bar{h}\\Pio\J\bar{h}\\Pio\J\bar{h}\\Pio\J\bar{h}\\Pio\J\bar{h}\\Pio\J\bar{h}\\Pio\J\bar{h}\\Pio\J\bar{h}\\Pio\J\bar{h}\\Pio\J\bar{h}\\Pio\J\bar{h}\\Pio\J\bar{h}\\Pio\J\bar{h}\\Pio\J\bar{h}\\Pio\J\bar{h}\\Pio\J\bar{h}\\Pio\J\bar{h}\\Pio\J\bar{h}\\Pio\J\bar{h}\\Pio\J\bar{h}\\Pio\J\bar{h}\\Pio\J\bar{h}\\Pio\J\bar{h}\\Pio\J\bar{h}\\Pio\J\bar{h}\\Pio\J\bar{h}\\Pio\J\bar{h}\\Pio\J\bar{h}\\Pio\J\bar{h}\\Pio\J\bar{h}\\Pio\J\bar{h}\\Pio\J\bar{h}\\Pio\J\bar{h}\\Pio\J\bar{h}\\Pio\J\bar{h}\\Pio\J\bar{h}\\Pio\J\bar{h}\\Pio\J\bar{h}\\Pio\J\bar{h}\\Pio\J\bar{h}\\Pio\J\bar{h}\\Pio\J\bar{h}\\Pio\J\bar{h}\\Pio\J\bar{h}\\Pio\J\bar{h}\\Pio\J\bar{h}\\Pio\J\bar{h}\\Pio\J\bar{h}\\Pio\J",3.1402463898180635
pdfminer,D01,MATH_001,17,False,unmatched,\tilde{R}_{x}=\frac{U_{\mathrm{в}}}{I_{\mathrm{а}}}=\frac{U_R}{I_0+I_{\mathrm{в}}}=\frac{R_x}{1+\frac{R_x}{R_{\mathrm{в}}}},,0.0
pdfminer,D04,MATH_002,1,False,unmatched,"{}_{0}^{t}D_*^{\alpha}f(t)=\frac{1}{\Gamma(1-\alpha)}\int_{0}^{t}\frac{f'(\tau)}{(t-\tau)^{\alpha}}\,d\tau,\quad 0<\alpha<1",,0.0
pdfminer,D04,MATH_003,2,False,unmatched,"{}_{0}^{t}D^{\alpha}f(t)=\frac{1}{\Gamma(1-\alpha)}\frac{d}{dt}\int_{0}^{t}\frac{f(\tau)}{(t-\tau)^{\alpha}}\,d\tau,\quad 0<\alpha<1",,0.0
pdfminer,D04,MATH_004,3,False,unmatched,"{}_{0}^{t}D_*^{\alpha}u(x,t)=\Delta^{\beta/2}u(x,t),\quad -1<x<1,\ 0<t<T;\quad u(-1,t)=u(1,t)=0,\ 0<t<T;\quad u(x,0)=f(x),\ -1<x<1",,0.0
pdfminer,D04,MATH_005,6,False,unmatched,"E_{\alpha}(z)=\sum_{k=0}^{\infty}\frac{z^k}{\Gamma(\alpha k+1)},\quad \alpha>0;\qquad u(x,t)=\sum_{n=0}^{\infty}C_nE_{\alpha}(-\pi^2n^2\lambda^2t^{\alpha})\sin(\pi n x)",,0.0
pdfminer,D05,MATH_006,19,False,unmatched,"j(t)=j_e(t)+j_i(t)+j_d(t),\quad j_e(t)=\varepsilon\varepsilon_0\left.\frac{\partial E_1}{\partial t}\right|_{x=0},\quad j_i(t)=e(\mu_1n_{10}+\mu_2n_{20})E_0+\left.e\mu_2n_{20}E_1\right|_{x=0},\quad j_d(t)=\left.e\mu_2n_{21}\right|_{x=0}E_0",,0.0
mineru,D01,MATH_001,17,True,bbox_iou,\tilde{R}_{x}=\frac{U_{\mathrm{в}}}{I_{\mathrm{а}}}=\frac{U_R}{I_0+I_{\mathrm{в}}}=\frac{R_x}{1+\frac{R_x}{R_{\mathrm{в}}}},"\widetilde {\mathrm{R}} _ {\mathrm{x}} = \frac {\mathrm{U} _ {\mathrm{B}}}{\mathrm{I} _ {\mathrm{a}}} = \frac {\mathrm{U} _ {\mathrm{R}}}{\mathrm{I} _ {0} + \mathrm{I} _ {\mathrm{B}}} = \frac {\mathrm{R} _ {\mathrm{x}}}{1 + \frac {\mathrm{R} _ {\mathrm{x}}}{\mathrm{R} _ {\mathrm{B}}}},\tag{3}",39.769230769230774
mineru,D04,MATH_002,1,True,bbox_iou,"{}_{0}^{t}D_*^{\alpha}f(t)=\frac{1}{\Gamma(1-\alpha)}\int_{0}^{t}\frac{f'(\tau)}{(t-\tau)^{\alpha}}\,d\tau,\quad 0<\alpha<1","_ {t} \mathcal {D} _ {*} ^ {\alpha} f (t) = \frac {1}{\Gamma (1 - \alpha)} \int_ {0} ^ {t} \frac {f ^ {\prime} (\tau)}{(t - \tau) ^ {\alpha}} d \tau , \quad 0 < \alpha < 1.\tag{1}",52.481255275832964
mineru,D04,MATH_003,2,True,bbox_iou,"{}_{0}^{t}D^{\alpha}f(t)=\frac{1}{\Gamma(1-\alpha)}\frac{d}{dt}\int_{0}^{t}\frac{f(\tau)}{(t-\tau)^{\alpha}}\,d\tau,\quad 0<\alpha<1","{ } _ { t } D ^ { \alpha } f ( t ) = \frac { 1 } { \Gamma ( 1 - \alpha ) } \frac { d } { d t } \int _ { 0 } ^ { t } \frac { f ( \tau ) } { ( t - \tau ) ^ { \alpha } } d \tau , \quad 0 < \alpha < 1 .\tag{2}",56.78271812080538
mineru,D04,MATH_004,3,True,bbox_iou,"{}_{0}^{t}D_*^{\alpha}u(x,t)=\Delta^{\beta/2}u(x,t),\quad -1<x<1,\ 0<t<T;\quad u(-1,t)=u(1,t)=0,\ 0<t<T;\quad u(x,0)=f(x),\ -1<x<1","\begin{array}{c} _ {t} \mathcal {D} _ {*} ^ {\alpha} u (x, t) = \Delta^ {\beta / 2} u (x, t), \quad - 1 < x < 1, 0 < t < T, \\ u (- 1, t) = u (1, t) = 0, \quad 0 < t < T, \\ u (x, 0) = f (x), \quad - 1 < x < 1, \end{array}\tag{4}",47.07653784059834
mineru,D04,MATH_005,6,True,bbox_iou,"E_{\alpha}(z)=\sum_{k=0}^{\infty}\frac{z^k}{\Gamma(\alpha k+1)},\quad \alpha>0;\qquad u(x,t)=\sum_{n=0}^{\infty}C_nE_{\alpha}(-\pi^2n^2\lambda^2t^{\alpha})\sin(\pi n x)","\left| u (x, t) = \sum_ {n = 0} ^ {\infty} C _ {n} E _ {\alpha} (- \pi^ {2} n ^ {2} \lambda^ {2} t ^ {\alpha}) \sin (\pi n x) \right|.\tag{6}",38.258617761929024
mineru,D05,MATH_006,19,True,bbox_iou,"j(t)=j_e(t)+j_i(t)+j_d(t),\quad j_e(t)=\varepsilon\varepsilon_0\left.\frac{\partial E_1}{\partial t}\right|_{x=0},\quad j_i(t)=e(\mu_1n_{10}+\mu_2n_{20})E_0+\left.e\mu_2n_{20}E_1\right|_{x=0},\quad j_d(t)=\left.e\mu_2n_{21}\right|_{x=0}E_0","\begin{array}{l} j (t) = j _ {\mathrm{e}} (t) + j _ {\mathrm{i}} (t) + j _ {\mathrm{d}} (t), \\ j _ {\mathrm{e}} (t) = \varepsilon \varepsilon_ {0} \left. \frac {\partial E _ {1}}{\partial t} \right| _ {x = 0}, \\ j _ {\mathrm{i}} (t) = e \left(\mu_ {1} n _ {1 0} + \mu_ {2} n _ {2 0}\right) E _ {0} + e \mu_ {2} n _ {2 0} E _ {1} | _ {x = 0}, \\ j _ {\mathrm{d}} (t) = e \mu_ {2} n _ {2 1} | _ {x = 0} E _ {0}, \\ E _ {1} | _ {x = 0} = \frac {e n _ {0}}{\varepsilon \varepsilon_ {0} d} \left[ \left(x _ {1} + x _ {2}\right) d - \frac {d ^ {2}}{2} - \frac {1}{2} \left(x _ {1} ^ {2} + x _ {2} ^ {2}\right) \right], \\ n _ {2 1} | _ {x = 0} = \left(k _ {\mathrm{d}} N - \mu_ {2} \frac {e n _ {0} ^ {2}}{\varepsilon_ {0} \varepsilon}\right) \frac {x _ {1}}{V _ {2}}, \quad t \leqslant t _ {*}; \\ n _ {2 1} | _ {x = 0} = k _ {\mathrm{d}} N \frac {d}{V _ {2}} - \mu_ {2} \frac {e n _ {0} ^ {2}}{\varepsilon \varepsilon_ {0}} \frac {x _ {2}}{V _ {2}}, \quad t > t _ {*}. \end{array}\tag{57}",26.580411336600385
ocr_space,D01,MATH_001,17,False,unmatched,\tilde{R}_{x}=\frac{U_{\mathrm{в}}}{I_{\mathrm{а}}}=\frac{U_R}{I_0+I_{\mathrm{в}}}=\frac{R_x}{1+\frac{R_x}{R_{\mathrm{в}}}},,0.0
ocr_space,D04,MATH_002,1,False,unmatched,"{}_{0}^{t}D_*^{\alpha}f(t)=\frac{1}{\Gamma(1-\alpha)}\int_{0}^{t}\frac{f'(\tau)}{(t-\tau)^{\alpha}}\,d\tau,\quad 0<\alpha<1",,0.0
ocr_space,D04,MATH_003,2,False,unmatched,"{}_{0}^{t}D^{\alpha}f(t)=\frac{1}{\Gamma(1-\alpha)}\frac{d}{dt}\int_{0}^{t}\frac{f(\tau)}{(t-\tau)^{\alpha}}\,d\tau,\quad 0<\alpha<1",,0.0
ocr_space,D04,MATH_004,3,False,unmatched,"{}_{0}^{t}D_*^{\alpha}u(x,t)=\Delta^{\beta/2}u(x,t),\quad -1<x<1,\ 0<t<T;\quad u(-1,t)=u(1,t)=0,\ 0<t<T;\quad u(x,0)=f(x),\ -1<x<1",,0.0
ocr_space,D04,MATH_005,6,False,unmatched,"E_{\alpha}(z)=\sum_{k=0}^{\infty}\frac{z^k}{\Gamma(\alpha k+1)},\quad \alpha>0;\qquad u(x,t)=\sum_{n=0}^{\infty}C_nE_{\alpha}(-\pi^2n^2\lambda^2t^{\alpha})\sin(\pi n x)",,0.0
ocr_space,D05,MATH_006,19,False,unmatched,"j(t)=j_e(t)+j_i(t)+j_d(t),\quad j_e(t)=\varepsilon\varepsilon_0\left.\frac{\partial E_1}{\partial t}\right|_{x=0},\quad j_i(t)=e(\mu_1n_{10}+\mu_2n_{20})E_0+\left.e\mu_2n_{20}E_1\right|_{x=0},\quad j_d(t)=\left.e\mu_2n_{21}\right|_{x=0}E_0",,0.0
nutrient,D01,MATH_001,17,False,unmatched,\tilde{R}_{x}=\frac{U_{\mathrm{в}}}{I_{\mathrm{а}}}=\frac{U_R}{I_0+I_{\mathrm{в}}}=\frac{R_x}{1+\frac{R_x}{R_{\mathrm{в}}}},,0.0
nutrient,D04,MATH_002,1,False,unmatched,"{}_{0}^{t}D_*^{\alpha}f(t)=\frac{1}{\Gamma(1-\alpha)}\int_{0}^{t}\frac{f'(\tau)}{(t-\tau)^{\alpha}}\,d\tau,\quad 0<\alpha<1",,0.0
nutrient,D04,MATH_003,2,False,unmatched,"{}_{0}^{t}D^{\alpha}f(t)=\frac{1}{\Gamma(1-\alpha)}\frac{d}{dt}\int_{0}^{t}\frac{f(\tau)}{(t-\tau)^{\alpha}}\,d\tau,\quad 0<\alpha<1",,0.0
nutrient,D04,MATH_004,3,False,unmatched,"{}_{0}^{t}D_*^{\alpha}u(x,t)=\Delta^{\beta/2}u(x,t),\quad -1<x<1,\ 0<t<T;\quad u(-1,t)=u(1,t)=0,\ 0<t<T;\quad u(x,0)=f(x),\ -1<x<1",,0.0
nutrient,D04,MATH_005,6,False,unmatched,"E_{\alpha}(z)=\sum_{k=0}^{\infty}\frac{z^k}{\Gamma(\alpha k+1)},\quad \alpha>0;\qquad u(x,t)=\sum_{n=0}^{\infty}C_nE_{\alpha}(-\pi^2n^2\lambda^2t^{\alpha})\sin(\pi n x)",,0.0
nutrient,D05,MATH_006,19,True,bbox_iou,"j(t)=j_e(t)+j_i(t)+j_d(t),\quad j_e(t)=\varepsilon\varepsilon_0\left.\frac{\partial E_1}{\partial t}\right|_{x=0},\quad j_i(t)=e(\mu_1n_{10}+\mu_2n_{20})E_0+\left.e\mu_2n_{20}E_1\right|_{x=0},\quad j_d(t)=\left.e\mu_2n_{21}\right|_{x=0}E_0",,0.0
mindee,D01,MATH_001,17,False,unmatched,\tilde{R}_{x}=\frac{U_{\mathrm{в}}}{I_{\mathrm{а}}}=\frac{U_R}{I_0+I_{\mathrm{в}}}=\frac{R_x}{1+\frac{R_x}{R_{\mathrm{в}}}},,0.0
mindee,D04,MATH_002,1,False,unmatched,"{}_{0}^{t}D_*^{\alpha}f(t)=\frac{1}{\Gamma(1-\alpha)}\int_{0}^{t}\frac{f'(\tau)}{(t-\tau)^{\alpha}}\,d\tau,\quad 0<\alpha<1",,0.0
mindee,D04,MATH_003,2,False,unmatched,"{}_{0}^{t}D^{\alpha}f(t)=\frac{1}{\Gamma(1-\alpha)}\frac{d}{dt}\int_{0}^{t}\frac{f(\tau)}{(t-\tau)^{\alpha}}\,d\tau,\quad 0<\alpha<1",,0.0
mindee,D04,MATH_004,3,False,unmatched,"{}_{0}^{t}D_*^{\alpha}u(x,t)=\Delta^{\beta/2}u(x,t),\quad -1<x<1,\ 0<t<T;\quad u(-1,t)=u(1,t)=0,\ 0<t<T;\quad u(x,0)=f(x),\ -1<x<1",,0.0
mindee,D04,MATH_005,6,False,unmatched,"E_{\alpha}(z)=\sum_{k=0}^{\infty}\frac{z^k}{\Gamma(\alpha k+1)},\quad \alpha>0;\qquad u(x,t)=\sum_{n=0}^{\infty}C_nE_{\alpha}(-\pi^2n^2\lambda^2t^{\alpha})\sin(\pi n x)",,0.0
mindee,D05,MATH_006,19,False,unmatched,"j(t)=j_e(t)+j_i(t)+j_d(t),\quad j_e(t)=\varepsilon\varepsilon_0\left.\frac{\partial E_1}{\partial t}\right|_{x=0},\quad j_i(t)=e(\mu_1n_{10}+\mu_2n_{20})E_0+\left.e\mu_2n_{20}E_1\right|_{x=0},\quad j_d(t)=\left.e\mu_2n_{21}\right|_{x=0}E_0",,0.0
adobe_extract,D01,MATH_001,17,False,unmatched,\tilde{R}_{x}=\frac{U_{\mathrm{в}}}{I_{\mathrm{а}}}=\frac{U_R}{I_0+I_{\mathrm{в}}}=\frac{R_x}{1+\frac{R_x}{R_{\mathrm{в}}}},,0.0
adobe_extract,D04,MATH_002,1,False,unmatched,"{}_{0}^{t}D_*^{\alpha}f(t)=\frac{1}{\Gamma(1-\alpha)}\int_{0}^{t}\frac{f'(\tau)}{(t-\tau)^{\alpha}}\,d\tau,\quad 0<\alpha<1",,0.0
adobe_extract,D04,MATH_003,2,False,unmatched,"{}_{0}^{t}D^{\alpha}f(t)=\frac{1}{\Gamma(1-\alpha)}\frac{d}{dt}\int_{0}^{t}\frac{f(\tau)}{(t-\tau)^{\alpha}}\,d\tau,\quad 0<\alpha<1",,0.0
adobe_extract,D04,MATH_004,3,False,unmatched,"{}_{0}^{t}D_*^{\alpha}u(x,t)=\Delta^{\beta/2}u(x,t),\quad -1<x<1,\ 0<t<T;\quad u(-1,t)=u(1,t)=0,\ 0<t<T;\quad u(x,0)=f(x),\ -1<x<1",,0.0
adobe_extract,D04,MATH_005,6,False,unmatched,"E_{\alpha}(z)=\sum_{k=0}^{\infty}\frac{z^k}{\Gamma(\alpha k+1)},\quad \alpha>0;\qquad u(x,t)=\sum_{n=0}^{\infty}C_nE_{\alpha}(-\pi^2n^2\lambda^2t^{\alpha})\sin(\pi n x)",,0.0
adobe_extract,D05,MATH_006,19,False,unmatched,"j(t)=j_e(t)+j_i(t)+j_d(t),\quad j_e(t)=\varepsilon\varepsilon_0\left.\frac{\partial E_1}{\partial t}\right|_{x=0},\quad j_i(t)=e(\mu_1n_{10}+\mu_2n_{20})E_0+\left.e\mu_2n_{20}E_1\right|_{x=0},\quad j_d(t)=\left.e\mu_2n_{21}\right|_{x=0}E_0",,0.0
llamaparse,D01,MATH_001,17,True,content_similarity,\tilde{R}_{x}=\frac{U_{\mathrm{в}}}{I_{\mathrm{а}}}=\frac{U_R}{I_0+I_{\mathrm{в}}}=\frac{R_x}{1+\frac{R_x}{R_{\mathrm{в}}}},"\tilde{\mathbf{R}}_{\mathbf{x}}=\frac{\mathbf{U}_{\mathbf{B}}}{\mathbf{I}_{\mathbf{a}}}=\frac{\mathbf{U}_{\mathbf{R}}}{\mathbf{I}_{\mathbf{0}}+\mathbf{I}_{\mathbf{B}}}=\frac{\mathbf{R}_{\mathbf{x}}}{1+\frac{\mathbf{R}_{\mathbf{x}}}{\mathbf{R}_{\mathbf{B}}}},\eqno(3)",37.44051910598414
llamaparse,D04,MATH_002,1,True,content_similarity,"{}_{0}^{t}D_*^{\alpha}f(t)=\frac{1}{\Gamma(1-\alpha)}\int_{0}^{t}\frac{f'(\tau)}{(t-\tau)^{\alpha}}\,d\tau,\quad 0<\alpha<1","{}_{t}\mathcal{D}_*^{\alpha}f(t)=\frac{1}{\Gamma(1-\alpha)}\int\limits_{0}^{t}\frac{f'(\tau)}{(t-\tau)^{\alpha}}d\tau,0<\alpha<1.\eqno(1)",53.72162094135414
llamaparse,D04,MATH_003,2,True,content_similarity,"{}_{0}^{t}D^{\alpha}f(t)=\frac{1}{\Gamma(1-\alpha)}\frac{d}{dt}\int_{0}^{t}\frac{f(\tau)}{(t-\tau)^{\alpha}}\,d\tau,\quad 0<\alpha<1","{}_{t}D^{\alpha}f(t)=\frac{1}{\Gamma(1-\alpha)}\frac{d}{dt}\int\limits_{0}^{t}\frac{f(\tau)}{(t-\tau)^{\alpha}}d\tau,0<\alpha<1.\eqno(2)",54.3921568627451
llamaparse,D04,MATH_004,3,True,content_similarity,"{}_{0}^{t}D_*^{\alpha}u(x,t)=\Delta^{\beta/2}u(x,t),\quad -1<x<1,\ 0<t<T;\quad u(-1,t)=u(1,t)=0,\ 0<t<T;\quad u(x,0)=f(x),\ -1<x<1","\begin{aligned}{}_{t}D_*^{\alpha}u(x,t)=\Delta^{\beta/2}u(x,t),-1<x<1,\0<t<T,\\u(-1,t)=u(1,t)=0,0<t<T,\\u(x,0)=f(x),-1<x<1,\end{aligned}\eqno(4)",49.3034188034188
llamaparse,D04,MATH_005,6,True,content_similarity,"E_{\alpha}(z)=\sum_{k=0}^{\infty}\frac{z^k}{\Gamma(\alpha k+1)},\quad \alpha>0;\qquad u(x,t)=\sum_{n=0}^{\infty}C_nE_{\alpha}(-\pi^2n^2\lambda^2t^{\alpha})\sin(\pi n x)","E_{\alpha}(z)=\sum_{k=0}^{\infty}\frac{z^{k}}{\Gamma(\alphak+1)},\alpha>0.",33.97435897435898
llamaparse,D05,MATH_006,19,True,content_similarity,"j(t)=j_e(t)+j_i(t)+j_d(t),\quad j_e(t)=\varepsilon\varepsilon_0\left.\frac{\partial E_1}{\partial t}\right|_{x=0},\quad j_i(t)=e(\mu_1n_{10}+\mu_2n_{20})E_0+\left.e\mu_2n_{20}E_1\right|_{x=0},\quad j_d(t)=\left.e\mu_2n_{21}\right|_{x=0}E_0","j_{0}(t)=\varepsilon\varepsilon_{0}\frac{\partialE_{x}}{\partialt}+e(\mu_{1}n_{1}+\mu_{2}n_{2})E_{x},\tag{56}",30.885767458348102
