object_id,object_type,perfect_score,missing_score
TXT_001,text,100.0,0.0
TXT_002,text,100.0,0.0
TAB_001,table,100.0,0.0
TAB_002,table,100.0,0.0
MATH_001,math_formula,100.0,0.0
IMG_001,image,100.0,0.0
IMG_002,image,100.0,0.0
IMG_003,image,100.0,0.0
DIA_001,diagram,100.0,0.0
DIA_002,diagram,100.0,0.0
TXT_003,text,100.0,0.0
TXT_004,text,100.0,0.0
TAB_003,table,100.0,0.0
TAB_004,table,100.0,0.0
CHEM_001,chemical_formula,100.0,0.0
CHEM_002,chemical_formula,100.0,0.0
CHEM_003,chemical_structure,100.0,0.0
CHEM_004,chemical_structure,100.0,0.0
CHEM_005,chemical_structure,100.0,0.0
CHEM_006,chemical_structure,100.0,0.0
DIA_003,diagram,100.0,0.0
TXT_005,text,100.0,0.0
TXT_006,text,100.0,0.0
TAB_005,table,100.0,0.0
DIA_004,diagram,100.0,0.0
DIA_005,diagram,100.0,0.0
TXT_007,text,100.0,0.0
TXT_008,text,100.0,0.0
TAB_006,table,100.0,0.0
MATH_002,math_formula,100.0,0.0
MATH_003,math_formula,100.0,0.0
MATH_004,math_formula,100.0,0.0
MATH_005,math_formula,100.0,0.0
DIA_006,diagram,100.0,0.0
TXT_009,text,100.0,0.0
TAB_007,table,100.0,0.0
MATH_006,math_formula,100.0,0.0
IMG_004,image,100.0,0.0
IMG_005,image,100.0,0.0
DIA_007,diagram,100.0,0.0
