tool,document_id,object_id,page,type,detection_tp,detection_fp,detection_fn,candidate_count,gt_count
pymupdf,D01,IMG_001,8,image,1,0,0,1,1
pymupdf,D01,DIA_001,9,diagram,0,0,1,0,1
pymupdf,D01,IMG_002,9,image,1,1,0,2,1
pymupdf,D01,IMG_003,27,image,1,0,0,1,1
pymupdf,D01,DIA_002,39,diagram,0,0,1,0,1
pymupdf,D02,DIA_003,4,diagram,0,0,1,0,1
pymupdf,D03,DIA_004,5,diagram,0,0,1,0,1
pymupdf,D03,DIA_005,9,diagram,0,0,1,0,1
pymupdf,D04,DIA_006,10,diagram,0,0,1,0,1
pymupdf,D05,IMG_004,2,image,1,0,1,1,2
pymupdf,D05,IMG_005,2,image,1,0,1,1,2
pymupdf,D05,DIA_007,8,diagram,0,0,1,0,1
pdfplumber,D01,IMG_001,8,image,1,0,0,1,1
pdfplumber,D01,DIA_001,9,diagram,0,0,1,0,1
pdfplumber,D01,IMG_002,9,image,1,1,0,2,1
pdfplumber,D01,IMG_003,27,image,1,0,0,1,1
pdfplumber,D01,DIA_002,39,diagram,0,0,1,0,1
pdfplumber,D02,DIA_003,4,diagram,0,0,1,0,1
pdfplumber,D03,DIA_004,5,diagram,0,0,1,0,1
pdfplumber,D03,DIA_005,9,diagram,0,0,1,0,1
pdfplumber,D04,DIA_006,10,diagram,0,0,1,0,1
pdfplumber,D05,IMG_004,2,image,1,0,1,1,2
pdfplumber,D05,IMG_005,2,image,1,0,1,1,2
pdfplumber,D05,DIA_007,8,diagram,0,0,1,0,1
docling,D01,IMG_001,8,image,0,0,1,0,1
docling,D01,DIA_001,9,diagram,1,1,0,2,1
docling,D01,IMG_002,9,image,0,0,1,0,1
docling,D01,IMG_003,27,image,0,0,1,0,1
docling,D01,DIA_002,39,diagram,1,0,0,1,1
docling,D02,DIA_003,4,diagram,1,0,0,1,1
docling,D03,DIA_004,5,diagram,1,1,0,2,1
docling,D03,DIA_005,9,diagram,1,0,0,1,1
docling,D04,DIA_006,10,diagram,1,0,0,1,1
docling,D05,IMG_004,2,image,0,0,2,0,2
docling,D05,IMG_005,2,image,0,0,2,0,2
docling,D05,DIA_007,8,diagram,1,1,0,2,1
pdfminer,D01,IMG_001,8,image,1,0,0,1,1
pdfminer,D01,DIA_001,9,diagram,0,0,1,0,1
pdfminer,D01,IMG_002,9,image,1,1,0,2,1
pdfminer,D01,IMG_003,27,image,1,0,0,1,1
pdfminer,D01,DIA_002,39,diagram,0,0,1,0,1
pdfminer,D02,DIA_003,4,diagram,0,0,1,0,1
pdfminer,D03,DIA_004,5,diagram,0,0,1,0,1
pdfminer,D03,DIA_005,9,diagram,0,0,1,0,1
pdfminer,D04,DIA_006,10,diagram,0,0,1,0,1
pdfminer,D05,IMG_004,2,image,1,0,1,1,2
pdfminer,D05,IMG_005,2,image,1,0,1,1,2
pdfminer,D05,DIA_007,8,diagram,0,0,1,0,1
mineru,D01,IMG_001,8,image,1,0,0,1,1
mineru,D01,DIA_001,9,diagram,0,0,1,0,1
mineru,D01,IMG_002,9,image,1,1,0,2,1
mineru,D01,IMG_003,27,image,1,0,0,1,1
mineru,D01,DIA_002,39,diagram,0,0,1,0,1
mineru,D02,DIA_003,4,diagram,1,1,0,2,1
mineru,D03,DIA_004,5,diagram,1,1,0,2,1
mineru,D03,DIA_005,9,diagram,0,0,1,0,1
mineru,D04,DIA_006,10,diagram,1,5,0,6,1
mineru,D05,IMG_004,2,image,2,3,0,5,2
mineru,D05,IMG_005,2,image,2,3,0,5,2
mineru,D05,DIA_007,8,diagram,0,0,1,0,1
ocr_space,D01,IMG_001,8,image,0,0,1,0,1
ocr_space,D01,DIA_001,9,diagram,0,0,1,0,1
ocr_space,D01,IMG_002,9,image,0,0,1,0,1
ocr_space,D01,IMG_003,27,image,0,0,1,0,1
ocr_space,D01,DIA_002,39,diagram,0,0,1,0,1
ocr_space,D02,DIA_003,4,diagram,0,0,1,0,1
ocr_space,D03,DIA_004,5,diagram,0,0,1,0,1
ocr_space,D03,DIA_005,9,diagram,0,0,1,0,1
ocr_space,D04,DIA_006,10,diagram,0,0,1,0,1
ocr_space,D05,IMG_004,2,image,0,0,2,0,2
ocr_space,D05,IMG_005,2,image,0,0,2,0,2
ocr_space,D05,DIA_007,8,diagram,0,0,1,0,1
nutrient,D01,IMG_001,8,image,0,1,1,1,1
nutrient,D01,DIA_001,9,diagram,0,0,1,0,1
nutrient,D01,IMG_002,9,image,0,2,1,2,1
nutrient,D01,IMG_003,27,image,0,1,1,1,1
nutrient,D01,DIA_002,39,diagram,0,0,1,0,1
nutrient,D02,DIA_003,4,diagram,0,0,1,0,1
nutrient,D03,DIA_004,5,diagram,0,0,1,0,1
nutrient,D03,DIA_005,9,diagram,0,0,1,0,1
nutrient,D04,DIA_006,10,diagram,0,0,1,0,1
nutrient,D05,IMG_004,2,image,1,3,1,4,2
nutrient,D05,IMG_005,2,image,1,3,1,4,2
nutrient,D05,DIA_007,8,diagram,0,0,1,0,1
mindee,D01,IMG_001,8,image,0,0,1,0,1
mindee,D01,DIA_001,9,diagram,0,0,1,0,1
mindee,D01,IMG_002,9,image,0,0,1,0,1
mindee,D01,IMG_003,27,image,0,0,1,0,1
mindee,D01,DIA_002,39,diagram,0,0,1,0,1
mindee,D02,DIA_003,4,diagram,0,0,1,0,1
mindee,D03,DIA_004,5,diagram,0,0,1,0,1
mindee,D03,DIA_005,9,diagram,0,0,1,0,1
mindee,D04,DIA_006,10,diagram,0,0,1,0,1
mindee,D05,IMG_004,2,image,0,0,2,0,2
mindee,D05,IMG_005,2,image,0,0,2,0,2
mindee,D05,DIA_007,8,diagram,0,0,1,0,1
adobe_extract,D01,IMG_001,8,image,1,0,0,1,1
adobe_extract,D01,DIA_001,9,diagram,0,0,1,0,1
adobe_extract,D01,IMG_002,9,image,1,1,0,2,1
adobe_extract,D01,IMG_003,27,image,1,2,0,3,1
adobe_extract,D01,DIA_002,39,diagram,0,0,1,0,1
adobe_extract,D02,DIA_003,4,diagram,0,0,1,0,1
adobe_extract,D03,DIA_004,5,diagram,0,0,1,0,1
adobe_extract,D03,DIA_005,9,diagram,0,0,1,0,1
adobe_extract,D04,DIA_006,10,diagram,0,0,1,0,1
adobe_extract,D05,IMG_004,2,image,1,12,1,13,2
adobe_extract,D05,IMG_005,2,image,1,12,1,13,2
adobe_extract,D05,DIA_007,8,diagram,0,0,1,0,1
llamaparse,D01,IMG_001,8,image,0,0,1,0,1
llamaparse,D01,DIA_001,9,diagram,0,0,1,0,1
llamaparse,D01,IMG_002,9,image,0,0,1,0,1
llamaparse,D01,IMG_003,27,image,0,0,1,0,1
llamaparse,D01,DIA_002,39,diagram,0,0,1,0,1
llamaparse,D02,DIA_003,4,diagram,0,0,1,0,1
llamaparse,D03,DIA_004,5,diagram,0,0,1,0,1
llamaparse,D03,DIA_005,9,diagram,0,0,1,0,1
llamaparse,D04,DIA_006,10,diagram,0,0,1,0,1
llamaparse,D05,IMG_004,2,image,0,0,2,0,2
llamaparse,D05,IMG_005,2,image,0,0,2,0,2
llamaparse,D05,DIA_007,8,diagram,0,0,1,0,1
