tool,category,score,n_objects,n_documents,std_dev,ci95_low,ci95_high,ci_basis
pymupdf,text,99.98282967033,9,5,0.03839402433909814,99.948489010989,100.0,cluster_bootstrap_by_document
pymupdf,table,48.580773338152,7,5,45.900683722514856,13.704021631638,83.457525044667,cluster_bootstrap_by_document
pymupdf,math,0.0,6,3,0.0,0.0,0.0,cluster_bootstrap_by_document
pymupdf,chemistry,82.432814478183,6,1,18.186117332950595,64.466138725064,88.688033216758,object_bootstrap_within_single_document
pymupdf,image,54.766218154769,5,2,35.68408226520278,29.533761604625,79.998674704912,cluster_bootstrap_by_document
pymupdf,diagram,0.0,7,5,0.0,0.0,0.0,cluster_bootstrap_by_document
pdfplumber,text,82.897433124495,9,5,9.951590768566259,75.150411355102,90.644454893888,cluster_bootstrap_by_document
pdfplumber,table,47.441070541082,7,5,44.65442446491502,13.4985737863,81.383567295863,cluster_bootstrap_by_document
pdfplumber,math,0.0,6,3,0.0,0.0,0.0,cluster_bootstrap_by_document
pdfplumber,chemistry,72.587548791529,6,1,28.337369119708583,44.800997952942,82.0991321578,object_bootstrap_within_single_document
pdfplumber,image,36.016221710078,5,2,26.845252528338555,17.033761604625,54.998681815532,cluster_bootstrap_by_document
pdfplumber,diagram,0.0,7,5,0.0,0.0,0.0,cluster_bootstrap_by_document
docling,text,92.006289067493,9,5,7.761187735908701,85.168959844466,96.305837475267,cluster_bootstrap_by_document
docling,table,65.711925844703,7,5,21.512801292082354,46.659373113614,78.903248165735,cluster_bootstrap_by_document
docling,math,36.277883881568,6,3,24.092508316360195,8.990520487265002,54.611854078835,cluster_bootstrap_by_document
docling,chemistry,73.448501590386,6,1,27.662456113976447,45.746333694867,83.449670546161,object_bootstrap_within_single_document
docling,image,47.026285927911,5,2,15.414835955184964,36.126350893121,57.9262209627,cluster_bootstrap_by_document
docling,diagram,42.19306332072,7,5,7.714504318964311,36.222827212731,48.345084524362,cluster_bootstrap_by_document
pdfminer,text,81.658444499328,9,5,36.91620072958964,48.219096307722,99.752117201649,cluster_bootstrap_by_document
pdfminer,table,0.0,7,5,0.0,0.0,0.0,cluster_bootstrap_by_document
pdfminer,math,0.0,6,3,0.0,0.0,0.0,cluster_bootstrap_by_document
pdfminer,chemistry,82.587548791528,6,1,18.024266869396286,64.800997952942,88.765798824467,object_bootstrap_within_single_document
pdfminer,image,54.766221710078,5,2,35.68408729317039,29.533761604625,79.998681815532,cluster_bootstrap_by_document
pdfminer,diagram,0.0,7,5,0.0,0.0,0.0,cluster_bootstrap_by_document
mineru,text,84.123268162208,9,5,6.180219887585005,79.032509393111,88.470829367769,cluster_bootstrap_by_document
mineru,table,71.442137576025,7,5,23.089040681428855,51.898620564304,87.454447415753,cluster_bootstrap_by_document
mineru,math,48.022163052725,6,3,7.147250347769015,39.769230769231,52.152996886691,cluster_bootstrap_by_document
mineru,chemistry,47.395047906711,6,1,14.274131330951262,41.480376024258,61.496886834197,object_bootstrap_within_single_document
mineru,image,75.014180343584,5,2,12.202988500121682,66.385364424407,83.642996262762,cluster_bootstrap_by_document
mineru,diagram,14.14642778473,7,5,13.104401535092798,4.265396195094,24.027459374365,cluster_bootstrap_by_document
ocr_space,text,59.261231429979,9,5,35.02928472485262,33.251808486168,85.27065437379,cluster_bootstrap_by_document
ocr_space,table,46.109253061142,7,5,43.74985325972273,12.341071323834,79.877434798449,cluster_bootstrap_by_document
ocr_space,math,0.0,6,3,0.0,0.0,0.0,cluster_bootstrap_by_document
ocr_space,chemistry,64.057141039719,6,1,26.703231234194774,52.287217767334,90.423277528354,object_bootstrap_within_single_document
ocr_space,image,0.0,5,2,0.0,0.0,0.0,cluster_bootstrap_by_document
ocr_space,diagram,0.0,7,5,0.0,0.0,0.0,cluster_bootstrap_by_document
nutrient,text,93.73179967024,9,5,6.521740828652842,88.445092765647,98.367619869966,cluster_bootstrap_by_document
nutrient,table,70.81571956155,7,5,24.05781383952851,50.108579547387,88.091167330244,cluster_bootstrap_by_document
nutrient,math,33.702367332585,6,3,12.480193072308738,20.956185049441,45.898374154961,cluster_bootstrap_by_document
nutrient,chemistry,70.381657680873,6,1,30.65031452450835,40.213738024217,80.804015791444,object_bootstrap_within_single_document
nutrient,image,44.217995029703,5,2,8.772360433371427,38.014999480253,50.420990579152,cluster_bootstrap_by_document
nutrient,diagram,0.0,7,5,0.0,0.0,0.0,cluster_bootstrap_by_document
mindee,text,93.505149921258,9,5,5.340903317499411,88.666970035447,96.947733991461,cluster_bootstrap_by_document
mindee,table,0.0,7,5,0.0,0.0,0.0,cluster_bootstrap_by_document
mindee,math,0.0,6,3,0.0,0.0,0.0,cluster_bootstrap_by_document
mindee,chemistry,52.332710188652,6,1,9.325741004543312,48.52036940630421,61.686659059657,object_bootstrap_within_single_document
mindee,image,0.0,5,2,0.0,0.0,0.0,cluster_bootstrap_by_document
mindee,diagram,0.0,7,5,0.0,0.0,0.0,cluster_bootstrap_by_document
adobe_extract,text,92.202278148988,9,5,5.103236931823433,87.76411942733,95.765065521088,cluster_bootstrap_by_document
adobe_extract,table,65.86282495883,7,5,38.41302618811382,32.436431149678,88.951366039489,cluster_bootstrap_by_document
adobe_extract,math,0.0,6,3,0.0,0.0,0.0,cluster_bootstrap_by_document
adobe_extract,chemistry,69.903848066315,6,1,31.126670892947956,39.284283735771,80.459311107736,object_bootstrap_within_single_document
adobe_extract,image,54.766225751754,5,2,35.6840780831067,29.533772158799,79.998679344709,cluster_bootstrap_by_document
adobe_extract,diagram,0.0,7,5,0.0,0.0,0.0,cluster_bootstrap_by_document
llamaparse,text,92.460812994444,9,5,5.510767380297438,88.360610388332,96.457554615343,cluster_bootstrap_by_document
llamaparse,table,71.369814193632,7,5,13.757004381742943,60.847515869413996,81.717136095934,cluster_bootstrap_by_document
llamaparse,math,30.105942543116,6,3,27.19098102655011,0.0,52.877308523365,cluster_bootstrap_by_document
llamaparse,chemistry,69.804140207212,6,1,31.228370473478762,39.082318788336,80.395388430895,object_bootstrap_within_single_document
llamaparse,image,0.0,5,2,0.0,0.0,0.0,cluster_bootstrap_by_document
llamaparse,diagram,0.0,7,5,0.0,0.0,0.0,cluster_bootstrap_by_document
