tool,document_id,n_categories,present_categories,overall_present_diagnostic,common_text_table_diagram_diagnostic,text,table,math,chemistry,image,diagram
pymupdf,D01,5,text;table;math;image;diagram,49.68658624294967,56.14475216994546,99.91414835164835,68.52010815818804,0.0,,79.99867470491198,0.0
pymupdf,D02,4,text;table;chemistry;diagram,64.20414325268926,58.12791951085802,100.0,74.38375853257406,,82.432814478183,,0.0
pymupdf,D03,3,text;table;diagram,66.66666666666667,66.66666666666667,100.0,100.0,,,,0.0
pymupdf,D04,4,text;table;math;diagram,25.0,33.333333333333336,100.0,0.0,0.0,,,0.0
pymupdf,D05,5,text;table;math;image;diagram,25.906752320925,33.333333333333336,100.0,0.0,0.0,,29.533761604625,0.0
pdfplumber,D01,5,text;table;math;image;diagram,43.39448998308647,53.991256033300246,94.48089916839916,67.49286893150158,0.0,,54.998681815531626,0.0
pdfplumber,D02,4,text;table;chemistry;diagram,59.59191090194341,55.260031605415115,92.60493671102172,73.17515810522363,,72.58754879152826,,0.0
pdfplumber,D03,3,text;table;diagram,57.11202544678296,57.11202544678296,74.79875067166728,96.53732566868159,,,,0.0
pdfplumber,D04,4,text;table;math;diagram,18.387994090197154,24.517325453596204,73.55197636078861,0.0,0.0,,,0.0
pdfplumber,D05,5,text;table;math;image;diagram,19.21687286304429,26.35020090353215,79.05060271059645,0.0,0.0,,17.033761604625,0.0
docling,D01,5,text;table;math;image;diagram,65.53531054408043,74.83968489303228,93.79965473715474,81.56210736687956,45.23127707860532,,57.92622096269994,49.15729257506256
docling,D02,4,text;table;chemistry;diagram,70.05290802448998,68.92104350252481,94.2201913750088,78.48131285403457,,73.44850159038549,,34.06162627853105
docling,D03,3,text;table;diagram,71.18136523761426,71.18136523761426,96.97384081126907,74.4294003868472,,,,42.140854514726485
docling,D04,4,text;table;math;diagram,57.68786938485664,58.71320782019712,96.68065718939351,28.823974792718555,54.61185407883521,,,50.634991478479286
docling,D05,5,text;table;math;image;diagram,44.74147163697122,59.530162268156786,78.35710122463621,65.26283382303427,8.990520487264673,,36.126350893121064,34.97055175679987
pdfminer,D01,5,text;table;math;image;diagram,34.74967915576353,31.24990465442868,93.74971396328604,0.0,0.0,,79.99868181553163,0.0
pdfminer,D02,4,text;table;chemistry;diagram,45.646887197882066,33.333333333333336,100.0,0.0,,82.58754879152826,,0.0
pdfminer,D03,3,text;table;diagram,33.333333333333336,33.333333333333336,100.0,0.0,,,,0.0
pdfminer,D04,4,text;table;math;diagram,24.690146502061367,32.920195336081825,98.76058600824547,0.0,0.0,,,0.0
pdfminer,D05,5,text;table;math;image;diagram,9.063136825946522,5.2606408417025365,15.781922525107609,0.0,0.0,,29.533761604625,0.0
mineru,D01,5,text;table;math;image;diagram,58.078023432119885,55.65929670953566,86.77311737656566,80.20477275204131,39.769230769230774,,83.64299626276167,0.0
mineru,D02,4,text;table;chemistry;diagram,62.93436436323755,68.11413651541281,81.59422239445578,95.57239971050456,,47.395047906711774,,27.17578744127807
mineru,D03,3,text;table;diagram,65.3457214550395,65.3457214550395,91.74885093679022,82.96133245285787,,,,21.326980975470388
mineru,D04,4,text;table;math;diagram,46.37175449322222,44.447585490212354,75.18993989109268,35.92344607264393,52.14426150225183,,,22.22937050690045
mineru,D05,5,text;table;math;image;diagram,53.27946168306206,49.28631570140405,85.31021021213365,62.548736892078495,52.15299688669126,,66.38536442440689,0.0
ocr_space,D01,5,text;table;math;image;diagram,31.059963926774792,51.76660654462466,93.5944630147043,61.70535661916966,0.0,,0.0,0.0
ocr_space,D02,4,text;table;chemistry;diagram,45.80591488691239,39.722172835977126,45.36061718690907,73.8059013210223,,64.0571410397182,,0.0
ocr_space,D03,3,text;table;diagram,63.76281037656667,63.76281037656667,96.25342376418416,95.03500736551584,,,,0.0
ocr_space,D04,4,text;table;math;diagram,11.664374577793586,15.552499437058115,46.65749831117434,0.0,0.0,,,0.0
ocr_space,D05,5,text;table;math;image;diagram,2.8880309745849564,4.813384957641595,14.440154872924783,0.0,0.0,,0.0,0.0
nutrient,D01,5,text;table;math;image;diagram,47.85111183680078,51.52734193716671,94.22334422334423,60.358681588155896,34.25254279335152,,50.420990579152274,0.0
nutrient,D02,4,text;table;chemistry;diagram,63.69869427665498,61.47103980858236,99.3965570115206,85.01656241422648,,70.38165768087285,,0.0
nutrient,D03,3,text;table;diagram,65.28786835178474,65.28786835178474,99.41082055172222,96.45278450363197,,,,0.0
nutrient,D04,4,text;table;math;diagram,36.92939324355973,42.25379597493279,92.02796143856503,34.73342648623334,20.95618504944055,,,0.0
nutrient,D05,5,text;table;math;image;diagram,49.00616631535374,53.70581931385154,83.60031512605042,77.51714281550422,45.89837415496073,,38.014999480253344,0.0
mindee,D01,5,text;table;math;image;diagram,18.744431244431247,31.240718740718744,93.72215622215623,0.0,0.0,,0.0,0.0
mindee,D02,4,text;table;chemistry;diagram,37.687309366846534,32.80550909291153,98.41652727873458,0.0,,52.332710188651575,,0.0
mindee,D03,3,text;table;diagram,32.05247869657841,32.05247869657841,96.15743608973523,0.0,,,,0.0
mindee,D04,4,text;table;math;diagram,23.686136015137752,31.581514686850337,94.74454406055101,0.0,0.0,,,0.0
mindee,D05,5,text;table;math;image;diagram,16.89701719102275,28.161695318371255,84.48508595511376,0.0,0.0,,0.0,0.0
adobe_extract,D01,5,text;table;math;image;diagram,52.6022774565293,61.00423597931253,94.22334422334423,88.78936371459338,0.0,,79.99867934470889,0.0
adobe_extract,D02,4,text;table;chemistry;diagram,60.30129134075679,57.10043909890405,97.9085252629171,73.39279203379505,,69.90384806631504,,0.0
adobe_extract,D03,3,text;table;diagram,63.761707265120414,63.761707265120414,94.39246642812961,96.89265536723164,,,,0.0
adobe_extract,D04,4,text;table;math;diagram,40.02145028852091,53.36193371802788,89.8464874755556,70.23931367852802,0.0,,,0.0
adobe_extract,D05,5,text;table;math;image;diagram,22.834867902758013,28.213522451663593,84.64056735499078,0.0,0.0,,29.533772158799295,0.0
llamaparse,D01,5,text;table;math;image;diagram,42.775982583220525,58.8131312700395,94.61013592958037,81.82925788053814,37.44051910598414,,0.0,0.0
llamaparse,D02,4,text;table;chemistry;diagram,56.85289274576883,52.5358102586212,93.92917868976397,63.67825208609961,,69.80414020721172,,0.0
llamaparse,D03,3,text;table;diagram,50.414297290412264,50.414297290412264,99.4994609852622,51.7434308859746,,,,0.0
llamaparse,D04,4,text;table;math;diagram,56.846399329439706,58.16942959813135,89.1792541913491,85.32903460304495,52.877308523364775,,,0.0
llamaparse,D05,5,text;table;math;image;diagram,31.871026137753457,53.11837689625576,85.08603517626564,74.26909551250165,0.0,,0.0,0.0
