tool,document_id,category,score,n_objects
adobe_extract,D01,diagram,0.0,2
adobe_extract,D01,image,79.99867934470889,3
adobe_extract,D01,math,0.0,1
adobe_extract,D01,table,88.78936371459338,2
adobe_extract,D01,text,94.22334422334423,2
adobe_extract,D02,chemistry,69.90384806631504,6
adobe_extract,D02,diagram,0.0,1
adobe_extract,D02,table,73.39279203379505,2
adobe_extract,D02,text,97.9085252629171,2
adobe_extract,D03,diagram,0.0,2
adobe_extract,D03,table,96.89265536723164,1
adobe_extract,D03,text,94.39246642812961,2
adobe_extract,D04,diagram,0.0,1
adobe_extract,D04,math,0.0,4
adobe_extract,D04,table,70.23931367852802,1
adobe_extract,D04,text,89.8464874755556,2
adobe_extract,D05,diagram,0.0,1
adobe_extract,D05,image,29.533772158799295,2
adobe_extract,D05,math,0.0,1
adobe_extract,D05,table,0.0,1
adobe_extract,D05,text,84.64056735499078,1
docling,D01,diagram,49.15729257506256,2
docling,D01,image,57.92622096269994,3
docling,D01,math,45.23127707860532,1
docling,D01,table,81.56210736687956,2
docling,D01,text,93.79965473715474,2
docling,D02,chemistry,73.44850159038549,6
docling,D02,diagram,34.06162627853105,1
docling,D02,table,78.48131285403457,2
docling,D02,text,94.2201913750088,2
docling,D03,diagram,42.140854514726485,2
docling,D03,table,74.4294003868472,1
docling,D03,text,96.97384081126907,2
docling,D04,diagram,50.634991478479286,1
docling,D04,math,54.61185407883521,4
docling,D04,table,28.823974792718555,1
docling,D04,text,96.68065718939351,2
docling,D05,diagram,34.97055175679987,1
docling,D05,image,36.126350893121064,2
docling,D05,math,8.990520487264673,1
docling,D05,table,65.26283382303427,1
docling,D05,text,78.35710122463621,1
llamaparse,D01,diagram,0.0,2
llamaparse,D01,image,0.0,3
llamaparse,D01,math,37.44051910598414,1
llamaparse,D01,table,81.82925788053814,2
llamaparse,D01,text,94.61013592958037,2
llamaparse,D02,chemistry,69.80414020721172,6
llamaparse,D02,diagram,0.0,1
llamaparse,D02,table,63.67825208609961,2
llamaparse,D02,text,93.92917868976397,2
llamaparse,D03,diagram,0.0,2
llamaparse,D03,table,51.7434308859746,1
llamaparse,D03,text,99.4994609852622,2
llamaparse,D04,diagram,0.0,1
llamaparse,D04,math,52.877308523364775,4
llamaparse,D04,table,85.32903460304495,1
llamaparse,D04,text,89.1792541913491,2
llamaparse,D05,diagram,0.0,1
llamaparse,D05,image,0.0,2
llamaparse,D05,math,0.0,1
llamaparse,D05,table,74.26909551250165,1
llamaparse,D05,text,85.08603517626564,1
mindee,D01,diagram,0.0,2
mindee,D01,image,0.0,3
mindee,D01,math,0.0,1
mindee,D01,table,0.0,2
mindee,D01,text,93.72215622215623,2
mindee,D02,chemistry,52.332710188651575,6
mindee,D02,diagram,0.0,1
mindee,D02,table,0.0,2
mindee,D02,text,98.41652727873458,2
mindee,D03,diagram,0.0,2
mindee,D03,table,0.0,1
mindee,D03,text,96.15743608973523,2
mindee,D04,diagram,0.0,1
mindee,D04,math,0.0,4
mindee,D04,table,0.0,1
mindee,D04,text,94.74454406055101,2
mindee,D05,diagram,0.0,1
mindee,D05,image,0.0,2
mindee,D05,math,0.0,1
mindee,D05,table,0.0,1
mindee,D05,text,84.48508595511376,1
mineru,D01,diagram,0.0,2
mineru,D01,image,83.64299626276167,3
mineru,D01,math,39.769230769230774,1
mineru,D01,table,80.20477275204131,2
mineru,D01,text,86.77311737656566,2
mineru,D02,chemistry,47.395047906711774,6
mineru,D02,diagram,27.17578744127807,1
mineru,D02,table,95.57239971050456,2
mineru,D02,text,81.59422239445578,2
mineru,D03,diagram,21.326980975470388,2
mineru,D03,table,82.96133245285787,1
mineru,D03,text,91.74885093679022,2
mineru,D04,diagram,22.22937050690045,1
mineru,D04,math,52.14426150225183,4
mineru,D04,table,35.92344607264393,1
mineru,D04,text,75.18993989109268,2
mineru,D05,diagram,0.0,1
mineru,D05,image,66.38536442440689,2
mineru,D05,math,52.15299688669126,1
mineru,D05,table,62.548736892078495,1
mineru,D05,text,85.31021021213365,1
nutrient,D01,diagram,0.0,2
nutrient,D01,image,50.420990579152274,3
nutrient,D01,math,34.25254279335152,1
nutrient,D01,table,60.358681588155896,2
nutrient,D01,text,94.22334422334423,2
nutrient,D02,chemistry,70.38165768087285,6
nutrient,D02,diagram,0.0,1
nutrient,D02,table,85.01656241422648,2
nutrient,D02,text,99.3965570115206,2
nutrient,D03,diagram,0.0,2
nutrient,D03,table,96.45278450363197,1
nutrient,D03,text,99.41082055172222,2
nutrient,D04,diagram,0.0,1
nutrient,D04,math,20.95618504944055,4
nutrient,D04,table,34.73342648623334,1
nutrient,D04,text,92.02796143856503,2
nutrient,D05,diagram,0.0,1
nutrient,D05,image,38.014999480253344,2
nutrient,D05,math,45.89837415496073,1
nutrient,D05,table,77.51714281550422,1
nutrient,D05,text,83.60031512605042,1
ocr_space,D01,diagram,0.0,2
ocr_space,D01,image,0.0,3
ocr_space,D01,math,0.0,1
ocr_space,D01,table,61.70535661916966,2
ocr_space,D01,text,93.5944630147043,2
ocr_space,D02,chemistry,64.0571410397182,6
ocr_space,D02,diagram,0.0,1
ocr_space,D02,table,73.8059013210223,2
ocr_space,D02,text,45.36061718690907,2
ocr_space,D03,diagram,0.0,2
ocr_space,D03,table,95.03500736551584,1
ocr_space,D03,text,96.25342376418416,2
ocr_space,D04,diagram,0.0,1
ocr_space,D04,math,0.0,4
ocr_space,D04,table,0.0,1
ocr_space,D04,text,46.65749831117434,2
ocr_space,D05,diagram,0.0,1
ocr_space,D05,image,0.0,2
ocr_space,D05,math,0.0,1
ocr_space,D05,table,0.0,1
ocr_space,D05,text,14.440154872924783,1
pdfminer,D01,diagram,0.0,2
pdfminer,D01,image,79.99868181553163,3
pdfminer,D01,math,0.0,1
pdfminer,D01,table,0.0,2
pdfminer,D01,text,93.74971396328604,2
pdfminer,D02,chemistry,82.58754879152826,6
pdfminer,D02,diagram,0.0,1
pdfminer,D02,table,0.0,2
pdfminer,D02,text,100.0,2
pdfminer,D03,diagram,0.0,2
pdfminer,D03,table,0.0,1
pdfminer,D03,text,100.0,2
pdfminer,D04,diagram,0.0,1
pdfminer,D04,math,0.0,4
pdfminer,D04,table,0.0,1
pdfminer,D04,text,98.76058600824547,2
pdfminer,D05,diagram,0.0,1
pdfminer,D05,image,29.533761604625,2
pdfminer,D05,math,0.0,1
pdfminer,D05,table,0.0,1
pdfminer,D05,text,15.781922525107609,1
pdfplumber,D01,diagram,0.0,2
pdfplumber,D01,image,54.998681815531626,3
pdfplumber,D01,math,0.0,1
pdfplumber,D01,table,67.49286893150158,2
pdfplumber,D01,text,94.48089916839916,2
pdfplumber,D02,chemistry,72.58754879152826,6
pdfplumber,D02,diagram,0.0,1
pdfplumber,D02,table,73.17515810522363,2
pdfplumber,D02,text,92.60493671102172,2
pdfplumber,D03,diagram,0.0,2
pdfplumber,D03,table,96.53732566868159,1
pdfplumber,D03,text,74.79875067166728,2
pdfplumber,D04,diagram,0.0,1
pdfplumber,D04,math,0.0,4
pdfplumber,D04,table,0.0,1
pdfplumber,D04,text,73.55197636078861,2
pdfplumber,D05,diagram,0.0,1
pdfplumber,D05,image,17.033761604625,2
pdfplumber,D05,math,0.0,1
pdfplumber,D05,table,0.0,1
pdfplumber,D05,text,79.05060271059645,1
pymupdf,D01,diagram,0.0,2
pymupdf,D01,image,79.99867470491198,3
pymupdf,D01,math,0.0,1
pymupdf,D01,table,68.52010815818804,2
pymupdf,D01,text,99.91414835164835,2
pymupdf,D02,chemistry,82.432814478183,6
pymupdf,D02,diagram,0.0,1
pymupdf,D02,table,74.38375853257406,2
pymupdf,D02,text,100.0,2
pymupdf,D03,diagram,0.0,2
pymupdf,D03,table,100.0,1
pymupdf,D03,text,100.0,2
pymupdf,D04,diagram,0.0,1
pymupdf,D04,math,0.0,4
pymupdf,D04,table,0.0,1
pymupdf,D04,text,100.0,2
pymupdf,D05,diagram,0.0,1
pymupdf,D05,image,29.533761604625,2
pymupdf,D05,math,0.0,1
pymupdf,D05,table,0.0,1
pymupdf,D05,text,100.0,1
