tool,omitted_document,missing_categories,overall_score,overall_delta,text_score,table_score,math_score,chemistry_score,image_score,diagram_score
pymupdf,D01,,42.59375261932525,-5.033353320913747,100.0,43.595939633143516,0.0,82.432814478183,29.533761604625,0.0
pymupdf,D02,chemistry,,,99.97853708791209,42.13002703954701,0.0,,54.76621815476849,0.0
pymupdf,D03,,45.48392273225902,-2.1431832079799804,99.97853708791209,35.725966672690525,0.0,82.432814478183,54.76621815476849,0.0
pymupdf,D04,,49.65058939892568,2.023483458686684,99.97853708791209,60.725966672690525,0.0,82.432814478183,54.76621815476849,0.0
pymupdf,D05,,53.8559988239496,6.2288928837106,99.97853708791209,60.725966672690525,0.0,82.432814478183,79.99867470491198,0.0
pdfplumber,D01,,35.34183299219135,-4.481879369005654,80.00156661351852,42.4281209434763,0.0,72.58754879152826,17.033761604625,0.0
pdfplumber,D02,chemistry,,,80.47055722786288,41.00754865004579,0.0,,36.01622171007831,0.0
pdfplumber,D03,,38.1154801664149,-1.7082321947821058,84.92210373770149,35.167006759181305,0.0,72.58754879152826,36.01622171007831,0.0
pdfplumber,D04,,42.18981766556324,2.3661053043662363,85.23379731542116,59.3013381763517,0.0,72.58754879152826,36.01622171007831,0.0
pdfplumber,D05,,45.12445158523013,5.30073922403313,83.85914072796919,59.3013381763517,0.0,72.58754879152826,54.998681815531626,0.0
docling,D01,,55.8558956479877,-3.5880959574752964,91.5579476500769,61.74938046415865,31.80118728304994,73.44850159038549,36.126350893121064,40.45200600713417
docling,D02,chemistry,,,91.45281349061338,62.519579092369895,36.2778838815684,,47.0262859279105,44.22592258126705
docling,D03,,58.87595754379961,-0.5680340616633899,90.76440113154831,63.53255720916674,36.2778838815684,73.44850159038549,47.0262859279105,42.20611552221819
docling,D04,,58.906646371204516,-0.5373452342584812,90.83769703701721,74.9339136076989,27.110898782935,73.44850159038549,47.0262859279105,40.08258128127999
docling,D05,,64.42296070363868,4.978969098175682,95.41858602820653,65.82419885011997,49.92156557872026,73.44850159038549,57.92622096269994,43.99869121169985
pdfminer,D01,,31.792822921581923,-4.7092129119070805,78.63562713333828,0.0,0.0,82.58754879152826,29.533761604625,0.0
pdfminer,D02,chemistry,,,77.07305562415978,0.0,0.0,,54.76622171007831,0.0
pdfminer,D03,,35.73780435429439,-0.7642314791946134,77.07305562415978,0.0,0.0,82.58754879152826,54.76622171007831,0.0
pdfminer,D04,,35.78944660395083,-0.7125892295381746,77.38290912209841,0.0,0.0,82.58754879152826,54.76622171007831,0.0
pdfminer,D05,,43.45230093332379,6.9502650998347875,98.12757499288287,0.0,0.0,82.58754879152826,79.99868181553163,0.0
mineru,D01,,56.05406014952362,-0.6364773214733788,83.46080585861809,69.25147878202121,52.148629194471546,47.395047906711774,66.38536442440689,17.683034730912226
mineru,D02,chemistry,,,84.75552960414555,65.4095720424054,48.02216305272462,,75.01418034358429,10.88908787059271
mineru,D03,,55.59364868590739,-1.096888785089611,82.21687246856195,68.56233885681706,48.02216305272462,47.395047906711774,75.01418034358429,12.351289487044632
mineru,D04,,57.86240747738351,1.1718700063865128,86.35660022998633,80.32181045187056,45.961113827961015,47.395047906711774,75.01418034358429,12.125692104187115
mineru,D05,,58.69497423881083,2.0044367678138286,83.82653264972609,73.66548774701192,45.9567461357413,47.395047906711774,83.64299626276167,17.683034730912226
ocr_space,D01,,26.157548624191804,-2.0803889642811946,50.67792353379809,42.210227171634536,0.0,64.0571410397182,0.0,0.0
ocr_space,D02,chemistry,,,62.7363849907469,39.185090996171375,0.0,,0.0,0.0
ocr_space,D03,,24.658023145199053,-3.579914443273946,50.01318334642812,33.87781448504799,0.0,64.0571410397182,0.0,0.0
ocr_space,D04,,30.684312012637623,2.446374424164624,62.41216470968058,57.63656632642695,0.0,64.0571410397182,0.0,0.0
ocr_space,D05,,32.02670132256469,3.7887637340916918,70.46650056924297,57.63656632642695,0.0,64.0571410397182,0.0,0.0
nutrient,D01,,51.47713822503174,-0.6644516541262604,93.60891353196456,73.42997905489901,33.42727960220064,70.38165768087285,38.014999480253344,0.0
nutrient,D02,chemistry,,,92.31561033492048,67.26550884838136,33.70236733258427,,44.217995029702806,0.0
nutrient,D03,,50.83675296984333,-1.3048369093146661,92.31204444987007,64.40645332602999,33.70236733258427,70.38165768087285,44.217995029702806,0.0
nutrient,D04,,54.778193873878465,2.636603994720467,94.15775922815936,79.83629283037965,40.07545847415612,70.38165768087285,44.217995029702806,0.0
nutrient,D05,,52.30200778929519,0.1604179101371912,96.26467080628802,69.14036374806193,27.604363921396036,70.38165768087285,50.420990579152274,0.0
mindee,D01,,24.2972680891142,-0.009041929203799981,93.45089834603364,0.0,0.0,52.332710188651575,0.0,0.0
mindee,D02,chemistry,,,92.27730558188905,0.0,0.0,,0.0,0.0
mindee,D03,,24.195798094631744,-0.11051192368625706,92.8420783791389,0.0,0.0,52.332710188651575,0.0,0.0
mindee,D04,,24.254668595847754,-0.05164142247024728,93.19530138643495,0.0,0.0,52.332710188651575,0.0,0.0
mindee,D05,,24.68214601690764,0.3758359985896398,95.76016591279426,0.0,0.0,52.332710188651575,0.0,0.0
adobe_extract,D01,,41.87763702090021,-5.2448924667477925,91.69701163039826,60.13119026988868,0.0,69.90384806631504,29.533772158799295,0.0
adobe_extract,D02,chemistry,,,90.77571637050505,63.98033319008826,0.0,,54.76622575175409,0.0
adobe_extract,D03,,45.738362042333364,-1.3841674453146382,91.65473107920192,58.10536735672911,0.0,69.90384806631504,54.76622575175409,0.0
adobe_extract,D04,,47.03833373571993,-0.08419575192807116,92.79122581734543,64.76870277890501,0.0,69.90384806631504,54.76622575175409,0.0
adobe_extract,D05,,54.3872940761746,7.264764588526596,94.09270584748663,82.32853119853702,0.0,69.90384806631504,79.99867934470889,0.0
llamaparse,D01,,42.820205000243256,-1.1365799894907411,91.92348226066022,68.75495327190521,26.438654261682387,69.80414020721172,0.0,0.0
llamaparse,D02,chemistry,,,92.09372157061432,73.29270472051483,30.105942543116303,,0.0,0.0
llamaparse,D03,,44.481273961268975,0.5244889715349785,90.70115099673977,76.27641002054608,30.105942543116303,69.80414020721172,0.0,0.0
llamaparse,D04,,41.61426859111672,-2.3425163986172777,93.28120269521804,67.8800090912785,18.72025955299207,69.80414020721172,0.0,0.0
llamaparse,D05,,46.652092555798234,2.695307566064237,94.30450744898891,70.64499386391432,45.158913814674456,69.80414020721172,0.0,0.0
