tool,category,metric_name,n_objects,raw_mean,quality_mean_0_100,aggregation
adobe_extract,chemistry,composition_similarity,2,1.0,100.0,object_micro_descriptive_not_category_score
adobe_extract,chemistry,detection,6,1.0,100.0,object_micro_descriptive_not_category_score
adobe_extract,chemistry,edit_similarity,2,1.0,100.0,object_micro_descriptive_not_category_score
adobe_extract,chemistry,extraction,4,0.0,0.0,object_micro_descriptive_not_category_score
adobe_extract,chemistry,iou,4,0.3923078453052029,39.23078453052029,object_micro_descriptive_not_category_score
adobe_extract,chemistry,label_f1,4,0.0,0.0,object_micro_descriptive_not_category_score
adobe_extract,chemistry,label_precision,4,1.0,100.0,object_micro_descriptive_not_category_score
adobe_extract,chemistry,label_recall,4,0.0,0.0,object_micro_descriptive_not_category_score
adobe_extract,chemistry,normalized_exact_match,2,1.0,100.0,object_micro_descriptive_not_category_score
adobe_extract,chemistry,structured_extraction,6,0.42673996316790547,42.67399631679054,object_micro_descriptive_not_category_score
adobe_extract,chemistry,token_f1,2,1.0,100.0,object_micro_descriptive_not_category_score
adobe_extract,chemistry,token_precision,2,1.0,100.0,object_micro_descriptive_not_category_score
adobe_extract,chemistry,token_recall,2,1.0,100.0,object_micro_descriptive_not_category_score
adobe_extract,diagram,caption,7,0.0,0.0,object_micro_descriptive_not_category_score
adobe_extract,diagram,caption_edit_similarity,7,0.0,0.0,object_micro_descriptive_not_category_score
adobe_extract,diagram,caption_token_f1,7,0.0,0.0,object_micro_descriptive_not_category_score
adobe_extract,diagram,caption_token_precision,7,1.0,100.0,object_micro_descriptive_not_category_score
adobe_extract,diagram,caption_token_recall,7,0.0,0.0,object_micro_descriptive_not_category_score
adobe_extract,diagram,detection_recall,7,0.0,0.0,object_micro_descriptive_not_category_score
adobe_extract,diagram,diagram_text_f1,7,0.0,0.0,object_micro_descriptive_not_category_score
adobe_extract,diagram,diagram_text_precision,7,1.0,100.0,object_micro_descriptive_not_category_score
adobe_extract,diagram,diagram_text_recall,7,0.0,0.0,object_micro_descriptive_not_category_score
adobe_extract,diagram,element_recall,7,0.0,0.0,object_micro_descriptive_not_category_score
adobe_extract,diagram,iou,7,0.0,0.0,object_micro_descriptive_not_category_score
adobe_extract,diagram,key_elements,7,0.0,0.0,object_micro_descriptive_not_category_score
adobe_extract,image,caption,5,0.0,0.0,object_micro_descriptive_not_category_score
adobe_extract,image,caption_edit_similarity,5,0.0,0.0,object_micro_descriptive_not_category_score
adobe_extract,image,caption_token_f1,5,0.0,0.0,object_micro_descriptive_not_category_score
adobe_extract,image,caption_token_precision,5,1.0,100.0,object_micro_descriptive_not_category_score
adobe_extract,image,caption_token_recall,5,0.0,0.0,object_micro_descriptive_not_category_score
adobe_extract,image,detection_recall,5,0.8,80.0,object_micro_descriptive_not_category_score
adobe_extract,image,extraction,5,0.8,80.0,object_micro_descriptive_not_category_score
adobe_extract,image,iou,5,0.632508658813802,63.2508658813802,object_micro_descriptive_not_category_score
adobe_extract,math,edit_similarity,6,0.0,0.0,object_micro_descriptive_not_category_score
adobe_extract,math,normalized_exact_match,6,0.0,0.0,object_micro_descriptive_not_category_score
adobe_extract,math,raw_exact_match,6,0.0,0.0,object_micro_descriptive_not_category_score
adobe_extract,math,token_f1,6,0.0,0.0,object_micro_descriptive_not_category_score
adobe_extract,math,token_precision,6,1.0,100.0,object_micro_descriptive_not_category_score
adobe_extract,math,token_recall,6,0.0,0.0,object_micro_descriptive_not_category_score
adobe_extract,table,cell_content,7,0.6803780257431703,68.03780257431704,object_micro_descriptive_not_category_score
adobe_extract,table,cell_f1,7,0.7597402597402597,75.97402597402598,object_micro_descriptive_not_category_score
adobe_extract,table,cell_precision,7,0.8763823478109193,87.63823478109192,object_micro_descriptive_not_category_score
adobe_extract,table,cell_recall,7,0.7913998443952361,79.13998443952362,object_micro_descriptive_not_category_score
adobe_extract,table,column_structure,7,0.8571428571428571,85.71428571428571,object_micro_descriptive_not_category_score
adobe_extract,table,merged_f1,7,0.5714285714285714,57.142857142857146,object_micro_descriptive_not_category_score
adobe_extract,table,merged_precision,7,1.0,100.0,object_micro_descriptive_not_category_score
adobe_extract,table,merged_recall,7,0.5714285714285714,57.142857142857146,object_micro_descriptive_not_category_score
adobe_extract,table,row_structure,7,0.8516483516483516,85.16483516483517,object_micro_descriptive_not_category_score
adobe_extract,table,structure,7,0.76007326007326,76.007326007326,object_micro_descriptive_not_category_score
adobe_extract,table,teds_like,7,0.6570450075285985,65.70450075285986,object_micro_descriptive_not_category_score
adobe_extract,text,cer,9,0.02467521672519364,97.53247832748063,object_micro_descriptive_not_category_score
adobe_extract,text,edit_similarity,9,0.9753247832748063,97.53247832748063,object_micro_descriptive_not_category_score
adobe_extract,text,wer,9,0.14440881913242892,85.55911808675711,object_micro_descriptive_not_category_score
docling,chemistry,composition_similarity,2,1.0,100.0,object_micro_descriptive_not_category_score
docling,chemistry,detection,6,1.0,100.0,object_micro_descriptive_not_category_score
docling,chemistry,edit_similarity,2,1.0,100.0,object_micro_descriptive_not_category_score
docling,chemistry,extraction,4,0.0,0.0,object_micro_descriptive_not_category_score
docling,chemistry,iou,4,0.675880127230839,67.5880127230839,object_micro_descriptive_not_category_score
docling,chemistry,label_f1,4,0.0,0.0,object_micro_descriptive_not_category_score
docling,chemistry,label_precision,4,1.0,100.0,object_micro_descriptive_not_category_score
docling,chemistry,label_recall,4,0.0,0.0,object_micro_descriptive_not_category_score
docling,chemistry,normalized_exact_match,2,1.0,100.0,object_micro_descriptive_not_category_score
docling,chemistry,structured_extraction,6,0.4942571731501998,49.42571731501998,object_micro_descriptive_not_category_score
docling,chemistry,token_f1,2,1.0,100.0,object_micro_descriptive_not_category_score
docling,chemistry,token_precision,2,1.0,100.0,object_micro_descriptive_not_category_score
docling,chemistry,token_recall,2,1.0,100.0,object_micro_descriptive_not_category_score
docling,diagram,caption,7,0.5503733517411329,55.03733517411329,object_micro_descriptive_not_category_score
docling,diagram,caption_edit_similarity,7,0.5594237913386849,55.9423791338685,object_micro_descriptive_not_category_score
docling,diagram,caption_token_f1,7,0.5413229121435809,54.132291214358084,object_micro_descriptive_not_category_score
docling,diagram,caption_token_precision,7,0.6590285236901778,65.90285236901778,object_micro_descriptive_not_category_score
docling,diagram,caption_token_recall,7,0.6063492063492063,60.63492063492063,object_micro_descriptive_not_category_score
docling,diagram,detection_recall,7,1.0,100.0,object_micro_descriptive_not_category_score
docling,diagram,diagram_text_f1,7,0.08235792369799955,8.235792369799954,object_micro_descriptive_not_category_score
docling,diagram,diagram_text_precision,7,0.05157934815717331,5.157934815717331,object_micro_descriptive_not_category_score
docling,diagram,diagram_text_recall,7,0.3401360544217687,34.01360544217687,object_micro_descriptive_not_category_score
docling,diagram,element_recall,7,0.0,0.0,object_micro_descriptive_not_category_score
docling,diagram,iou,7,0.857729762984947,85.7729762984947,object_micro_descriptive_not_category_score
docling,diagram,key_elements,7,0.0,0.0,object_micro_descriptive_not_category_score
docling,image,caption,5,0.3489734075448361,34.89734075448361,object_micro_descriptive_not_category_score
docling,image,caption_edit_similarity,5,0.4084230055658627,40.842300556586274,object_micro_descriptive_not_category_score
docling,image,caption_token_f1,5,0.2895238095238095,28.952380952380953,object_micro_descriptive_not_category_score
docling,image,caption_token_precision,5,0.6666666666666666,66.66666666666667,object_micro_descriptive_not_category_score
docling,image,caption_token_recall,5,0.34285714285714286,34.285714285714285,object_micro_descriptive_not_category_score
docling,image,detection_recall,5,0.6,60.0,object_micro_descriptive_not_category_score
docling,image,extraction,5,0.6,60.0,object_micro_descriptive_not_category_score
docling,image,iou,5,0.3690721913588666,36.907219135886656,object_micro_descriptive_not_category_score
docling,math,edit_similarity,6,0.7033496935502972,70.33496935502971,object_micro_descriptive_not_category_score
docling,math,normalized_exact_match,6,0.0,0.0,object_micro_descriptive_not_category_score
docling,math,raw_exact_match,6,0.0,0.0,object_micro_descriptive_not_category_score
docling,math,token_f1,6,0.7844468777298966,78.44468777298965,object_micro_descriptive_not_category_score
docling,math,token_precision,6,0.7528025324329233,75.28025324329232,object_micro_descriptive_not_category_score
docling,math,token_recall,6,0.8381880228606776,83.81880228606775,object_micro_descriptive_not_category_score
docling,table,cell_content,7,0.6349263431895288,63.49263431895288,object_micro_descriptive_not_category_score
docling,table,cell_f1,7,0.7426620621733735,74.26620621733736,object_micro_descriptive_not_category_score
docling,table,cell_precision,7,0.8704469510320041,87.04469510320041,object_micro_descriptive_not_category_score
docling,table,cell_recall,7,0.6766542980828695,67.66542980828694,object_micro_descriptive_not_category_score
docling,table,column_structure,7,0.9642857142857143,96.42857142857143,object_micro_descriptive_not_category_score
docling,table,merged_f1,7,0.38095238095238093,38.095238095238095,object_micro_descriptive_not_category_score
docling,table,merged_precision,7,0.42857142857142855,42.857142857142854,object_micro_descriptive_not_category_score
docling,table,merged_recall,7,0.7857142857142857,78.57142857142857,object_micro_descriptive_not_category_score
docling,table,row_structure,7,0.9028571428571428,90.28571428571429,object_micro_descriptive_not_category_score
docling,table,structure,7,0.7493650793650793,74.93650793650792,object_micro_descriptive_not_category_score
docling,table,teds_like,7,0.6664045441070925,66.64045441070925,object_micro_descriptive_not_category_score
docling,text,cer,9,0.02707819796934692,97.2921802030653,object_micro_descriptive_not_category_score
docling,text,edit_similarity,9,0.9729335257080663,97.29335257080663,object_micro_descriptive_not_category_score
docling,text,wer,9,0.12759716475751992,87.240283524248,object_micro_descriptive_not_category_score
llamaparse,chemistry,composition_similarity,2,1.0,100.0,object_micro_descriptive_not_category_score
llamaparse,chemistry,detection,6,1.0,100.0,object_micro_descriptive_not_category_score
llamaparse,chemistry,edit_similarity,2,1.0,100.0,object_micro_descriptive_not_category_score
llamaparse,chemistry,extraction,4,0.0,0.0,object_micro_descriptive_not_category_score
llamaparse,chemistry,iou,4,0.38433121657693764,38.43312165769376,object_micro_descriptive_not_category_score
llamaparse,chemistry,label_f1,4,0.0,0.0,object_micro_descriptive_not_category_score
llamaparse,chemistry,label_precision,4,0.0,0.0,object_micro_descriptive_not_category_score
llamaparse,chemistry,label_recall,4,0.0,0.0,object_micro_descriptive_not_category_score
llamaparse,chemistry,normalized_exact_match,2,1.0,100.0,object_micro_descriptive_not_category_score
llamaparse,chemistry,structured_extraction,6,0.4248407658516518,42.484076585165184,object_micro_descriptive_not_category_score
llamaparse,chemistry,token_f1,2,1.0,100.0,object_micro_descriptive_not_category_score
llamaparse,chemistry,token_precision,2,1.0,100.0,object_micro_descriptive_not_category_score
llamaparse,chemistry,token_recall,2,1.0,100.0,object_micro_descriptive_not_category_score
llamaparse,diagram,caption,7,0.0,0.0,object_micro_descriptive_not_category_score
llamaparse,diagram,caption_edit_similarity,7,0.0,0.0,object_micro_descriptive_not_category_score
llamaparse,diagram,caption_token_f1,7,0.0,0.0,object_micro_descriptive_not_category_score
llamaparse,diagram,caption_token_precision,7,1.0,100.0,object_micro_descriptive_not_category_score
llamaparse,diagram,caption_token_recall,7,0.0,0.0,object_micro_descriptive_not_category_score
llamaparse,diagram,detection_recall,7,0.0,0.0,object_micro_descriptive_not_category_score
llamaparse,diagram,diagram_text_f1,7,0.0,0.0,object_micro_descriptive_not_category_score
llamaparse,diagram,diagram_text_precision,7,1.0,100.0,object_micro_descriptive_not_category_score
llamaparse,diagram,diagram_text_recall,7,0.0,0.0,object_micro_descriptive_not_category_score
llamaparse,diagram,element_recall,7,0.0,0.0,object_micro_descriptive_not_category_score
llamaparse,diagram,iou,7,0.0,0.0,object_micro_descriptive_not_category_score
llamaparse,diagram,key_elements,7,0.0,0.0,object_micro_descriptive_not_category_score
llamaparse,image,caption,5,0.0,0.0,object_micro_descriptive_not_category_score
llamaparse,image,caption_edit_similarity,5,0.0,0.0,object_micro_descriptive_not_category_score
llamaparse,image,caption_token_f1,5,0.0,0.0,object_micro_descriptive_not_category_score
llamaparse,image,caption_token_precision,5,1.0,100.0,object_micro_descriptive_not_category_score
llamaparse,image,caption_token_recall,5,0.0,0.0,object_micro_descriptive_not_category_score
llamaparse,image,detection_recall,5,0.0,0.0,object_micro_descriptive_not_category_score
llamaparse,image,extraction,5,0.0,0.0,object_micro_descriptive_not_category_score
llamaparse,image,iou,5,0.0,0.0,object_micro_descriptive_not_category_score
llamaparse,math,edit_similarity,6,0.6143633025236992,61.43633025236992,object_micro_descriptive_not_category_score
llamaparse,math,normalized_exact_match,6,0.0,0.0,object_micro_descriptive_not_category_score
llamaparse,math,raw_exact_match,6,0.0,0.0,object_micro_descriptive_not_category_score
llamaparse,math,token_f1,6,0.7301089870691638,73.01089870691638,object_micro_descriptive_not_category_score
llamaparse,math,token_precision,6,0.8348925832008001,83.48925832008,object_micro_descriptive_not_category_score
llamaparse,math,token_recall,6,0.8106402180322446,81.06402180322446,object_micro_descriptive_not_category_score
llamaparse,table,cell_content,7,0.5148030132682094,51.48030132682094,object_micro_descriptive_not_category_score
llamaparse,table,cell_f1,7,0.8171196637465763,81.71196637465764,object_micro_descriptive_not_category_score
llamaparse,table,cell_precision,7,0.8371201814058957,83.71201814058956,object_micro_descriptive_not_category_score
llamaparse,table,cell_recall,7,0.8162846370219642,81.62846370219643,object_micro_descriptive_not_category_score
llamaparse,table,column_structure,7,0.9642857142857143,96.42857142857143,object_micro_descriptive_not_category_score
llamaparse,table,merged_f1,7,0.5714285714285714,57.142857142857146,object_micro_descriptive_not_category_score
llamaparse,table,merged_precision,7,1.0,100.0,object_micro_descriptive_not_category_score
llamaparse,table,merged_recall,7,0.5714285714285714,57.142857142857146,object_micro_descriptive_not_category_score
llamaparse,table,row_structure,7,0.8857142857142857,88.57142857142857,object_micro_descriptive_not_category_score
llamaparse,table,structure,7,0.8071428571428572,80.71428571428571,object_micro_descriptive_not_category_score
llamaparse,table,teds_like,7,0.7295481384347371,72.9548138434737,object_micro_descriptive_not_category_score
llamaparse,text,cer,9,0.0379143514824516,96.20856485175484,object_micro_descriptive_not_category_score
llamaparse,text,edit_similarity,9,0.9633066006509007,96.33066006509006,object_micro_descriptive_not_category_score
llamaparse,text,wer,9,0.11641019151984064,88.35898084801593,object_micro_descriptive_not_category_score
mindee,chemistry,composition_similarity,2,0.45,45.0,object_micro_descriptive_not_category_score
mindee,chemistry,detection,6,1.0,100.0,object_micro_descriptive_not_category_score
mindee,chemistry,edit_similarity,2,0.65,65.0,object_micro_descriptive_not_category_score
mindee,chemistry,extraction,4,0.0,0.0,object_micro_descriptive_not_category_score
mindee,chemistry,iou,4,0.6924876859629966,69.24876859629966,object_micro_descriptive_not_category_score
mindee,chemistry,label_f1,4,0.5527777777777777,55.27777777777778,object_micro_descriptive_not_category_score
mindee,chemistry,label_precision,4,0.525,52.5,object_micro_descriptive_not_category_score
mindee,chemistry,label_recall,4,0.5875,58.75,object_micro_descriptive_not_category_score
mindee,chemistry,normalized_exact_match,2,0.0,0.0,object_micro_descriptive_not_category_score
mindee,chemistry,structured_extraction,6,0.4416043896937494,44.16043896937494,object_micro_descriptive_not_category_score
mindee,chemistry,token_f1,2,0.7927927927927928,79.27927927927928,object_micro_descriptive_not_category_score
mindee,chemistry,token_precision,2,0.9722222222222222,97.22222222222223,object_micro_descriptive_not_category_score
mindee,chemistry,token_recall,2,0.6973684210526316,69.73684210526315,object_micro_descriptive_not_category_score
mindee,diagram,caption,7,0.0,0.0,object_micro_descriptive_not_category_score
mindee,diagram,caption_edit_similarity,7,0.0,0.0,object_micro_descriptive_not_category_score
mindee,diagram,caption_token_f1,7,0.0,0.0,object_micro_descriptive_not_category_score
mindee,diagram,caption_token_precision,7,1.0,100.0,object_micro_descriptive_not_category_score
mindee,diagram,caption_token_recall,7,0.0,0.0,object_micro_descriptive_not_category_score
mindee,diagram,detection_recall,7,0.0,0.0,object_micro_descriptive_not_category_score
mindee,diagram,diagram_text_f1,7,0.0,0.0,object_micro_descriptive_not_category_score
mindee,diagram,diagram_text_precision,7,1.0,100.0,object_micro_descriptive_not_category_score
mindee,diagram,diagram_text_recall,7,0.0,0.0,object_micro_descriptive_not_category_score
mindee,diagram,element_recall,7,0.0,0.0,object_micro_descriptive_not_category_score
mindee,diagram,iou,7,0.0,0.0,object_micro_descriptive_not_category_score
mindee,diagram,key_elements,7,0.0,0.0,object_micro_descriptive_not_category_score
mindee,image,caption,5,0.0,0.0,object_micro_descriptive_not_category_score
mindee,image,caption_edit_similarity,5,0.0,0.0,object_micro_descriptive_not_category_score
mindee,image,caption_token_f1,5,0.0,0.0,object_micro_descriptive_not_category_score
mindee,image,caption_token_precision,5,1.0,100.0,object_micro_descriptive_not_category_score
mindee,image,caption_token_recall,5,0.0,0.0,object_micro_descriptive_not_category_score
mindee,image,detection_recall,5,0.0,0.0,object_micro_descriptive_not_category_score
mindee,image,extraction,5,0.0,0.0,object_micro_descriptive_not_category_score
mindee,image,iou,5,0.0,0.0,object_micro_descriptive_not_category_score
mindee,math,edit_similarity,6,0.0,0.0,object_micro_descriptive_not_category_score
mindee,math,normalized_exact_match,6,0.0,0.0,object_micro_descriptive_not_category_score
mindee,math,raw_exact_match,6,0.0,0.0,object_micro_descriptive_not_category_score
mindee,math,token_f1,6,0.0,0.0,object_micro_descriptive_not_category_score
mindee,math,token_precision,6,1.0,100.0,object_micro_descriptive_not_category_score
mindee,math,token_recall,6,0.0,0.0,object_micro_descriptive_not_category_score
mindee,table,cell_content,7,0.10476190476190476,10.476190476190476,object_micro_descriptive_not_category_score
mindee,table,cell_f1,7,0.0,0.0,object_micro_descriptive_not_category_score
mindee,table,cell_precision,7,1.0,100.0,object_micro_descriptive_not_category_score
mindee,table,cell_recall,7,0.0,0.0,object_micro_descriptive_not_category_score
mindee,table,column_structure,7,0.0,0.0,object_micro_descriptive_not_category_score
mindee,table,merged_f1,7,0.5714285714285714,57.142857142857146,object_micro_descriptive_not_category_score
mindee,table,merged_precision,7,1.0,100.0,object_micro_descriptive_not_category_score
mindee,table,merged_recall,7,0.5714285714285714,57.142857142857146,object_micro_descriptive_not_category_score
mindee,table,row_structure,7,0.0,0.0,object_micro_descriptive_not_category_score
mindee,table,structure,7,0.19047619047619047,19.047619047619044,object_micro_descriptive_not_category_score
mindee,table,teds_like,7,0.014953090200171517,1.4953090200171517,object_micro_descriptive_not_category_score
mindee,text,cer,9,0.01979769035466463,98.02023096453354,object_micro_descriptive_not_category_score
mindee,text,edit_similarity,9,0.9802023096453354,98.02023096453354,object_micro_descriptive_not_category_score
mindee,text,wer,9,0.11347373605343224,88.65262639465678,object_micro_descriptive_not_category_score
mineru,chemistry,composition_similarity,2,0.43162393162393164,43.162393162393165,object_micro_descriptive_not_category_score
mineru,chemistry,detection,6,1.0,100.0,object_micro_descriptive_not_category_score
mineru,chemistry,edit_similarity,2,0.475,47.5,object_micro_descriptive_not_category_score
mineru,chemistry,extraction,4,1.0,100.0,object_micro_descriptive_not_category_score
mineru,chemistry,iou,4,0.43964246057556977,43.96424605755698,object_micro_descriptive_not_category_score
mineru,chemistry,label_f1,4,0.0,0.0,object_micro_descriptive_not_category_score
mineru,chemistry,label_precision,4,1.0,100.0,object_micro_descriptive_not_category_score
mineru,chemistry,label_recall,4,0.0,0.0,object_micro_descriptive_not_category_score
mineru,chemistry,normalized_exact_match,2,0.0,0.0,object_micro_descriptive_not_category_score
mineru,chemistry,structured_extraction,6,0.40781641446715483,40.78164144671548,object_micro_descriptive_not_category_score
mineru,chemistry,token_f1,2,0.5941558441558441,59.41558441558442,object_micro_descriptive_not_category_score
mineru,chemistry,token_precision,2,1.0,100.0,object_micro_descriptive_not_category_score
mineru,chemistry,token_recall,2,0.42434210526315785,42.43421052631579,object_micro_descriptive_not_category_score
mineru,diagram,caption,7,0.07638888888888888,7.638888888888888,object_micro_descriptive_not_category_score
mineru,diagram,caption_edit_similarity,7,0.06349206349206349,6.349206349206349,object_micro_descriptive_not_category_score
mineru,diagram,caption_token_f1,7,0.08928571428571429,8.928571428571429,object_micro_descriptive_not_category_score
mineru,diagram,caption_token_precision,7,0.7792207792207793,77.92207792207792,object_micro_descriptive_not_category_score
mineru,diagram,caption_token_recall,7,0.14285714285714285,14.285714285714286,object_micro_descriptive_not_category_score
mineru,diagram,detection_recall,7,0.42857142857142855,42.857142857142854,object_micro_descriptive_not_category_score
mineru,diagram,diagram_text_f1,7,0.0,0.0,object_micro_descriptive_not_category_score
mineru,diagram,diagram_text_precision,7,1.0,100.0,object_micro_descriptive_not_category_score
mineru,diagram,diagram_text_recall,7,0.0,0.0,object_micro_descriptive_not_category_score
mineru,diagram,element_recall,7,0.0,0.0,object_micro_descriptive_not_category_score
mineru,diagram,iou,7,0.22893606253129492,22.89360625312949,object_micro_descriptive_not_category_score
mineru,diagram,key_elements,7,0.0,0.0,object_micro_descriptive_not_category_score
mineru,image,caption,5,0.25020408163265306,25.020408163265305,object_micro_descriptive_not_category_score
mineru,image,caption_edit_similarity,5,0.26040816326530614,26.04081632653061,object_micro_descriptive_not_category_score
mineru,image,caption_token_f1,5,0.24,24.0,object_micro_descriptive_not_category_score
mineru,image,caption_token_precision,5,0.6666666666666666,66.66666666666667,object_micro_descriptive_not_category_score
mineru,image,caption_token_recall,5,0.22857142857142856,22.857142857142858,object_micro_descriptive_not_category_score
mineru,image,detection_recall,5,1.0,100.0,object_micro_descriptive_not_category_score
mineru,image,extraction,5,1.0,100.0,object_micro_descriptive_not_category_score
mineru,image,iou,5,0.6694344757906677,66.94344757906677,object_micro_descriptive_not_category_score
mineru,math,edit_similarity,6,0.7490800406922247,74.90800406922247,object_micro_descriptive_not_category_score
mineru,math,normalized_exact_match,6,0.0,0.0,object_micro_descriptive_not_category_score
mineru,math,raw_exact_match,6,0.0,0.0,object_micro_descriptive_not_category_score
mineru,math,token_f1,6,0.8775402865910932,87.75402865910932,object_micro_descriptive_not_category_score
mineru,math,token_precision,6,0.8000023377815004,80.00023377815005,object_micro_descriptive_not_category_score
mineru,math,token_recall,6,0.9775887128097972,97.75887128097972,object_micro_descriptive_not_category_score
mineru,table,cell_content,7,0.7186291418831885,71.86291418831885,object_micro_descriptive_not_category_score
mineru,table,cell_f1,7,0.8512248091724953,85.12248091724953,object_micro_descriptive_not_category_score
mineru,table,cell_precision,7,0.9459540267719991,94.59540267719991,object_micro_descriptive_not_category_score
mineru,table,cell_recall,7,0.800030921459493,80.0030921459493,object_micro_descriptive_not_category_score
mineru,table,column_structure,7,1.0,100.0,object_micro_descriptive_not_category_score
mineru,table,merged_f1,7,0.42857142857142855,42.857142857142854,object_micro_descriptive_not_category_score
mineru,table,merged_precision,7,0.5714285714285714,57.142857142857146,object_micro_descriptive_not_category_score
mineru,table,merged_recall,7,0.8571428571428571,85.71428571428571,object_micro_descriptive_not_category_score
mineru,table,row_structure,7,0.8824489795918368,88.24489795918367,object_micro_descriptive_not_category_score
mineru,table,structure,7,0.7703401360544218,77.03401360544217,object_micro_descriptive_not_category_score
mineru,table,teds_like,7,0.6892738945101198,68.92738945101198,object_micro_descriptive_not_category_score
mineru,text,cer,9,0.09204421608902082,90.79557839109792,object_micro_descriptive_not_category_score
mineru,text,edit_similarity,9,0.9164257334789983,91.64257334789981,object_micro_descriptive_not_category_score
mineru,text,wer,9,0.2763126707152167,72.36873292847832,object_micro_descriptive_not_category_score
nutrient,chemistry,composition_similarity,2,1.0,100.0,object_micro_descriptive_not_category_score
nutrient,chemistry,detection,6,1.0,100.0,object_micro_descriptive_not_category_score
nutrient,chemistry,edit_similarity,2,1.0,100.0,object_micro_descriptive_not_category_score
nutrient,chemistry,extraction,4,0.0,0.0,object_micro_descriptive_not_category_score
nutrient,chemistry,iou,4,0.4305326144698286,43.05326144698286,object_micro_descriptive_not_category_score
nutrient,chemistry,label_f1,4,0.0,0.0,object_micro_descriptive_not_category_score
nutrient,chemistry,label_precision,4,1.0,100.0,object_micro_descriptive_not_category_score
nutrient,chemistry,label_recall,4,0.0,0.0,object_micro_descriptive_not_category_score
nutrient,chemistry,normalized_exact_match,2,1.0,100.0,object_micro_descriptive_not_category_score
nutrient,chemistry,structured_extraction,6,0.4358410986832925,43.58410986832925,object_micro_descriptive_not_category_score
nutrient,chemistry,token_f1,2,1.0,100.0,object_micro_descriptive_not_category_score
nutrient,chemistry,token_precision,2,1.0,100.0,object_micro_descriptive_not_category_score
nutrient,chemistry,token_recall,2,1.0,100.0,object_micro_descriptive_not_category_score
nutrient,diagram,caption,7,0.0,0.0,object_micro_descriptive_not_category_score
nutrient,diagram,caption_edit_similarity,7,0.0,0.0,object_micro_descriptive_not_category_score
nutrient,diagram,caption_token_f1,7,0.0,0.0,object_micro_descriptive_not_category_score
nutrient,diagram,caption_token_precision,7,1.0,100.0,object_micro_descriptive_not_category_score
nutrient,diagram,caption_token_recall,7,0.0,0.0,object_micro_descriptive_not_category_score
nutrient,diagram,detection_recall,7,0.0,0.0,object_micro_descriptive_not_category_score
nutrient,diagram,diagram_text_f1,7,0.0,0.0,object_micro_descriptive_not_category_score
nutrient,diagram,diagram_text_precision,7,1.0,100.0,object_micro_descriptive_not_category_score
nutrient,diagram,diagram_text_recall,7,0.0,0.0,object_micro_descriptive_not_category_score
nutrient,diagram,element_recall,7,0.0,0.0,object_micro_descriptive_not_category_score
nutrient,diagram,iou,7,0.0,0.0,object_micro_descriptive_not_category_score
nutrient,diagram,key_elements,7,0.0,0.0,object_micro_descriptive_not_category_score
nutrient,image,caption,5,0.0,0.0,object_micro_descriptive_not_category_score
nutrient,image,caption_edit_similarity,5,0.0,0.0,object_micro_descriptive_not_category_score
nutrient,image,caption_token_f1,5,0.0,0.0,object_micro_descriptive_not_category_score
nutrient,image,caption_token_precision,5,1.0,100.0,object_micro_descriptive_not_category_score
nutrient,image,caption_token_recall,5,0.0,0.0,object_micro_descriptive_not_category_score
nutrient,image,detection_recall,5,1.0,100.0,object_micro_descriptive_not_category_score
nutrient,image,extraction,5,0.0,0.0,object_micro_descriptive_not_category_score
nutrient,image,iou,5,0.6183437655837082,61.83437655837081,object_micro_descriptive_not_category_score
nutrient,math,edit_similarity,6,0.33646371487262977,33.646371487262975,object_micro_descriptive_not_category_score
nutrient,math,normalized_exact_match,6,0.0,0.0,object_micro_descriptive_not_category_score
nutrient,math,raw_exact_match,6,0.0,0.0,object_micro_descriptive_not_category_score
nutrient,math,token_f1,6,0.5150000473389953,51.50000473389953,object_micro_descriptive_not_category_score
nutrient,math,token_precision,6,0.6111099111576033,61.11099111576033,object_micro_descriptive_not_category_score
nutrient,math,token_recall,6,0.730554416356896,73.0554416356896,object_micro_descriptive_not_category_score
nutrient,table,cell_content,7,0.5700628776359521,57.00628776359522,object_micro_descriptive_not_category_score
nutrient,table,cell_f1,7,0.804681825458194,80.4681825458194,object_micro_descriptive_not_category_score
nutrient,table,cell_precision,7,0.8680714174402814,86.80714174402814,object_micro_descriptive_not_category_score
nutrient,table,cell_recall,7,0.8031509964689688,80.31509964689688,object_micro_descriptive_not_category_score
nutrient,table,column_structure,7,1.0,100.0,object_micro_descriptive_not_category_score
nutrient,table,merged_f1,7,0.6081632653061224,60.816326530612244,object_micro_descriptive_not_category_score
nutrient,table,merged_precision,7,0.8571428571428571,85.71428571428571,object_micro_descriptive_not_category_score
nutrient,table,merged_recall,7,0.7142857142857143,71.42857142857143,object_micro_descriptive_not_category_score
nutrient,table,row_structure,7,0.8393650793650793,83.93650793650794,object_micro_descriptive_not_category_score
nutrient,table,structure,7,0.8158427815570672,81.58427815570673,object_micro_descriptive_not_category_score
nutrient,table,teds_like,7,0.6656666597693285,66.56666597693285,object_micro_descriptive_not_category_score
nutrient,text,cer,9,0.01869189967705566,98.13081003229443,object_micro_descriptive_not_category_score
nutrient,text,edit_similarity,9,0.981308621563562,98.1308621563562,object_micro_descriptive_not_category_score
nutrient,text,wer,9,0.10597980294776634,89.40201970522337,object_micro_descriptive_not_category_score
ocr_space,chemistry,composition_similarity,2,0.0,0.0,object_micro_descriptive_not_category_score
ocr_space,chemistry,detection,6,1.0,100.0,object_micro_descriptive_not_category_score
ocr_space,chemistry,edit_similarity,2,0.8,80.0,object_micro_descriptive_not_category_score
ocr_space,chemistry,extraction,4,1.0,100.0,object_micro_descriptive_not_category_score
ocr_space,chemistry,iou,4,0.8859977096038825,88.59977096038824,object_micro_descriptive_not_category_score
ocr_space,chemistry,label_f1,4,0.6722222222222223,67.22222222222223,object_micro_descriptive_not_category_score
ocr_space,chemistry,label_precision,4,0.65,65.0,object_micro_descriptive_not_category_score
ocr_space,chemistry,label_recall,4,0.7,70.0,object_micro_descriptive_not_category_score
ocr_space,chemistry,normalized_exact_match,2,0.0,0.0,object_micro_descriptive_not_category_score
ocr_space,chemistry,structured_extraction,6,0.692010215428352,69.20102154283519,object_micro_descriptive_not_category_score
ocr_space,chemistry,token_f1,2,0.7719594594594594,77.19594594594595,object_micro_descriptive_not_category_score
ocr_space,chemistry,token_precision,2,0.7847222222222222,78.47222222222223,object_micro_descriptive_not_category_score
ocr_space,chemistry,token_recall,2,0.7598684210526316,75.98684210526315,object_micro_descriptive_not_category_score
ocr_space,diagram,caption,7,0.0,0.0,object_micro_descriptive_not_category_score
ocr_space,diagram,caption_edit_similarity,7,0.0,0.0,object_micro_descriptive_not_category_score
ocr_space,diagram,caption_token_f1,7,0.0,0.0,object_micro_descriptive_not_category_score
ocr_space,diagram,caption_token_precision,7,1.0,100.0,object_micro_descriptive_not_category_score
ocr_space,diagram,caption_token_recall,7,0.0,0.0,object_micro_descriptive_not_category_score
ocr_space,diagram,detection_recall,7,0.0,0.0,object_micro_descriptive_not_category_score
ocr_space,diagram,diagram_text_f1,7,0.0,0.0,object_micro_descriptive_not_category_score
ocr_space,diagram,diagram_text_precision,7,1.0,100.0,object_micro_descriptive_not_category_score
ocr_space,diagram,diagram_text_recall,7,0.0,0.0,object_micro_descriptive_not_category_score
ocr_space,diagram,element_recall,7,0.0,0.0,object_micro_descriptive_not_category_score
ocr_space,diagram,iou,7,0.0,0.0,object_micro_descriptive_not_category_score
ocr_space,diagram,key_elements,7,0.0,0.0,object_micro_descriptive_not_category_score
ocr_space,image,caption,5,0.0,0.0,object_micro_descriptive_not_category_score
ocr_space,image,caption_edit_similarity,5,0.0,0.0,object_micro_descriptive_not_category_score
ocr_space,image,caption_token_f1,5,0.0,0.0,object_micro_descriptive_not_category_score
ocr_space,image,caption_token_precision,5,1.0,100.0,object_micro_descriptive_not_category_score
ocr_space,image,caption_token_recall,5,0.0,0.0,object_micro_descriptive_not_category_score
ocr_space,image,detection_recall,5,0.0,0.0,object_micro_descriptive_not_category_score
ocr_space,image,extraction,5,0.0,0.0,object_micro_descriptive_not_category_score
ocr_space,image,iou,5,0.0,0.0,object_micro_descriptive_not_category_score
ocr_space,math,edit_similarity,6,0.0,0.0,object_micro_descriptive_not_category_score
ocr_space,math,normalized_exact_match,6,0.0,0.0,object_micro_descriptive_not_category_score
ocr_space,math,raw_exact_match,6,0.0,0.0,object_micro_descriptive_not_category_score
ocr_space,math,token_f1,6,0.0,0.0,object_micro_descriptive_not_category_score
ocr_space,math,token_precision,6,1.0,100.0,object_micro_descriptive_not_category_score
ocr_space,math,token_recall,6,0.0,0.0,object_micro_descriptive_not_category_score
ocr_space,table,cell_content,7,0.49802489876937095,49.802489876937095,object_micro_descriptive_not_category_score
ocr_space,table,cell_f1,7,0.5651124085998036,56.51124085998036,object_micro_descriptive_not_category_score
ocr_space,table,cell_precision,7,0.8879818594104308,88.79818594104309,object_micro_descriptive_not_category_score
ocr_space,table,cell_recall,7,0.569321922317314,56.9321922317314,object_micro_descriptive_not_category_score
ocr_space,table,column_structure,7,0.7142857142857143,71.42857142857143,object_micro_descriptive_not_category_score
ocr_space,table,merged_f1,7,0.5714285714285714,57.142857142857146,object_micro_descriptive_not_category_score
ocr_space,table,merged_precision,7,1.0,100.0,object_micro_descriptive_not_category_score
ocr_space,table,merged_recall,7,0.5714285714285714,57.142857142857146,object_micro_descriptive_not_category_score
ocr_space,table,row_structure,7,0.6126984126984127,61.26984126984127,object_micro_descriptive_not_category_score
ocr_space,table,structure,7,0.6328042328042328,63.28042328042328,object_micro_descriptive_not_category_score
ocr_space,table,teds_like,7,0.493243668582318,49.3243668582318,object_micro_descriptive_not_category_score
ocr_space,text,cer,9,0.3354495071319106,66.45504928680894,object_micro_descriptive_not_category_score
ocr_space,text,edit_similarity,9,0.664767768889655,66.4767768889655,object_micro_descriptive_not_category_score
ocr_space,text,wer,9,0.3945538855225419,60.54461144774581,object_micro_descriptive_not_category_score
pdfminer,chemistry,composition_similarity,2,1.0,100.0,object_micro_descriptive_not_category_score
pdfminer,chemistry,detection,6,1.0,100.0,object_micro_descriptive_not_category_score
pdfminer,chemistry,edit_similarity,2,1.0,100.0,object_micro_descriptive_not_category_score
pdfminer,chemistry,extraction,4,1.0,100.0,object_micro_descriptive_not_category_score
pdfminer,chemistry,iou,4,0.6070039033222616,60.70039033222617,object_micro_descriptive_not_category_score
pdfminer,chemistry,label_f1,4,0.0,0.0,object_micro_descriptive_not_category_score
pdfminer,chemistry,label_precision,4,1.0,100.0,object_micro_descriptive_not_category_score
pdfminer,chemistry,label_recall,4,0.0,0.0,object_micro_descriptive_not_category_score
pdfminer,chemistry,normalized_exact_match,2,1.0,100.0,object_micro_descriptive_not_category_score
pdfminer,chemistry,structured_extraction,6,0.6683342626957767,66.83342626957766,object_micro_descriptive_not_category_score
pdfminer,chemistry,token_f1,2,1.0,100.0,object_micro_descriptive_not_category_score
pdfminer,chemistry,token_precision,2,1.0,100.0,object_micro_descriptive_not_category_score
pdfminer,chemistry,token_recall,2,1.0,100.0,object_micro_descriptive_not_category_score
pdfminer,diagram,caption,7,0.0,0.0,object_micro_descriptive_not_category_score
pdfminer,diagram,caption_edit_similarity,7,0.0,0.0,object_micro_descriptive_not_category_score
pdfminer,diagram,caption_token_f1,7,0.0,0.0,object_micro_descriptive_not_category_score
pdfminer,diagram,caption_token_precision,7,1.0,100.0,object_micro_descriptive_not_category_score
pdfminer,diagram,caption_token_recall,7,0.0,0.0,object_micro_descriptive_not_category_score
pdfminer,diagram,detection_recall,7,0.0,0.0,object_micro_descriptive_not_category_score
pdfminer,diagram,diagram_text_f1,7,0.0,0.0,object_micro_descriptive_not_category_score
pdfminer,diagram,diagram_text_precision,7,1.0,100.0,object_micro_descriptive_not_category_score
pdfminer,diagram,diagram_text_recall,7,0.0,0.0,object_micro_descriptive_not_category_score
pdfminer,diagram,element_recall,7,0.0,0.0,object_micro_descriptive_not_category_score
pdfminer,diagram,iou,7,0.0,0.0,object_micro_descriptive_not_category_score
pdfminer,diagram,key_elements,7,0.0,0.0,object_micro_descriptive_not_category_score
pdfminer,image,caption,5,0.0,0.0,object_micro_descriptive_not_category_score
pdfminer,image,caption_edit_similarity,5,0.0,0.0,object_micro_descriptive_not_category_score
pdfminer,image,caption_token_f1,5,0.0,0.0,object_micro_descriptive_not_category_score
pdfminer,image,caption_token_precision,5,1.0,100.0,object_micro_descriptive_not_category_score
pdfminer,image,caption_token_recall,5,0.0,0.0,object_micro_descriptive_not_category_score
pdfminer,image,detection_recall,5,0.8,80.0,object_micro_descriptive_not_category_score
pdfminer,image,extraction,5,0.8,80.0,object_micro_descriptive_not_category_score
pdfminer,image,iou,5,0.632508549246759,63.2508549246759,object_micro_descriptive_not_category_score
pdfminer,math,edit_similarity,6,0.0,0.0,object_micro_descriptive_not_category_score
pdfminer,math,normalized_exact_match,6,0.0,0.0,object_micro_descriptive_not_category_score
pdfminer,math,raw_exact_match,6,0.0,0.0,object_micro_descriptive_not_category_score
pdfminer,math,token_f1,6,0.0,0.0,object_micro_descriptive_not_category_score
pdfminer,math,token_precision,6,1.0,100.0,object_micro_descriptive_not_category_score
pdfminer,math,token_recall,6,0.0,0.0,object_micro_descriptive_not_category_score
pdfminer,table,cell_content,7,0.10476190476190476,10.476190476190476,object_micro_descriptive_not_category_score
pdfminer,table,cell_f1,7,0.0,0.0,object_micro_descriptive_not_category_score
pdfminer,table,cell_precision,7,1.0,100.0,object_micro_descriptive_not_category_score
pdfminer,table,cell_recall,7,0.0,0.0,object_micro_descriptive_not_category_score
pdfminer,table,column_structure,7,0.0,0.0,object_micro_descriptive_not_category_score
pdfminer,table,merged_f1,7,0.5714285714285714,57.142857142857146,object_micro_descriptive_not_category_score
pdfminer,table,merged_precision,7,1.0,100.0,object_micro_descriptive_not_category_score
pdfminer,table,merged_recall,7,0.5714285714285714,57.142857142857146,object_micro_descriptive_not_category_score
pdfminer,table,row_structure,7,0.0,0.0,object_micro_descriptive_not_category_score
pdfminer,table,structure,7,0.19047619047619047,19.047619047619044,object_micro_descriptive_not_category_score
pdfminer,table,teds_like,7,0.014953090200171517,1.4953090200171517,object_micro_descriptive_not_category_score
pdfminer,text,cer,9,0.09273367553838445,90.72663244616156,object_micro_descriptive_not_category_score
pdfminer,text,edit_similarity,9,0.9072738007872176,90.72738007872177,object_micro_descriptive_not_category_score
pdfminer,text,wer,9,0.15573386577643544,86.06351818426121,object_micro_descriptive_not_category_score
pdfplumber,chemistry,composition_similarity,2,1.0,100.0,object_micro_descriptive_not_category_score
pdfplumber,chemistry,detection,6,1.0,100.0,object_micro_descriptive_not_category_score
pdfplumber,chemistry,edit_similarity,2,1.0,100.0,object_micro_descriptive_not_category_score
pdfplumber,chemistry,extraction,4,0.0,0.0,object_micro_descriptive_not_category_score
pdfplumber,chemistry,iou,4,0.6070039033222616,60.70039033222617,object_micro_descriptive_not_category_score
pdfplumber,chemistry,label_f1,4,0.0,0.0,object_micro_descriptive_not_category_score
pdfplumber,chemistry,label_precision,4,1.0,100.0,object_micro_descriptive_not_category_score
pdfplumber,chemistry,label_recall,4,0.0,0.0,object_micro_descriptive_not_category_score
pdfplumber,chemistry,normalized_exact_match,2,1.0,100.0,object_micro_descriptive_not_category_score
pdfplumber,chemistry,structured_extraction,6,0.47785807221958615,47.78580722195861,object_micro_descriptive_not_category_score
pdfplumber,chemistry,token_f1,2,1.0,100.0,object_micro_descriptive_not_category_score
pdfplumber,chemistry,token_precision,2,1.0,100.0,object_micro_descriptive_not_category_score
pdfplumber,chemistry,token_recall,2,1.0,100.0,object_micro_descriptive_not_category_score
pdfplumber,diagram,caption,7,0.0,0.0,object_micro_descriptive_not_category_score
pdfplumber,diagram,caption_edit_similarity,7,0.0,0.0,object_micro_descriptive_not_category_score
pdfplumber,diagram,caption_token_f1,7,0.0,0.0,object_micro_descriptive_not_category_score
pdfplumber,diagram,caption_token_precision,7,1.0,100.0,object_micro_descriptive_not_category_score
pdfplumber,diagram,caption_token_recall,7,0.0,0.0,object_micro_descriptive_not_category_score
pdfplumber,diagram,detection_recall,7,0.0,0.0,object_micro_descriptive_not_category_score
pdfplumber,diagram,diagram_text_f1,7,0.0,0.0,object_micro_descriptive_not_category_score
pdfplumber,diagram,diagram_text_precision,7,1.0,100.0,object_micro_descriptive_not_category_score
pdfplumber,diagram,diagram_text_recall,7,0.0,0.0,object_micro_descriptive_not_category_score
pdfplumber,diagram,element_recall,7,0.0,0.0,object_micro_descriptive_not_category_score
pdfplumber,diagram,iou,7,0.0,0.0,object_micro_descriptive_not_category_score
pdfplumber,diagram,key_elements,7,0.0,0.0,object_micro_descriptive_not_category_score
pdfplumber,image,caption,5,0.0,0.0,object_micro_descriptive_not_category_score
pdfplumber,image,caption_edit_similarity,5,0.0,0.0,object_micro_descriptive_not_category_score
pdfplumber,image,caption_token_f1,5,0.0,0.0,object_micro_descriptive_not_category_score
pdfplumber,image,caption_token_precision,5,1.0,100.0,object_micro_descriptive_not_category_score
pdfplumber,image,caption_token_recall,5,0.0,0.0,object_micro_descriptive_not_category_score
pdfplumber,image,detection_recall,5,0.8,80.0,object_micro_descriptive_not_category_score
pdfplumber,image,extraction,5,0.0,0.0,object_micro_descriptive_not_category_score
pdfplumber,image,iou,5,0.632508549246759,63.2508549246759,object_micro_descriptive_not_category_score
pdfplumber,math,edit_similarity,6,0.0,0.0,object_micro_descriptive_not_category_score
pdfplumber,math,normalized_exact_match,6,0.0,0.0,object_micro_descriptive_not_category_score
pdfplumber,math,raw_exact_match,6,0.0,0.0,object_micro_descriptive_not_category_score
pdfplumber,math,token_f1,6,0.0,0.0,object_micro_descriptive_not_category_score
pdfplumber,math,token_precision,6,1.0,100.0,object_micro_descriptive_not_category_score
pdfplumber,math,token_recall,6,0.0,0.0,object_micro_descriptive_not_category_score
pdfplumber,table,cell_content,7,0.5650381892257362,56.50381892257362,object_micro_descriptive_not_category_score
pdfplumber,table,cell_f1,7,0.5735157699443414,57.35157699443414,object_micro_descriptive_not_category_score
pdfplumber,table,cell_precision,7,0.9038548752834468,90.38548752834467,object_micro_descriptive_not_category_score
pdfplumber,table,cell_recall,7,0.569321922317314,56.9321922317314,object_micro_descriptive_not_category_score
pdfplumber,table,column_structure,7,0.7142857142857143,71.42857142857143,object_micro_descriptive_not_category_score
pdfplumber,table,merged_f1,7,0.5714285714285714,57.142857142857146,object_micro_descriptive_not_category_score
pdfplumber,table,merged_precision,7,1.0,100.0,object_micro_descriptive_not_category_score
pdfplumber,table,merged_recall,7,0.5714285714285714,57.142857142857146,object_micro_descriptive_not_category_score
pdfplumber,table,row_structure,7,0.6285714285714286,62.857142857142854,object_micro_descriptive_not_category_score
pdfplumber,table,structure,7,0.638095238095238,63.8095238095238,object_micro_descriptive_not_category_score
pdfplumber,table,teds_like,7,0.4794327202581732,47.94327202581732,object_micro_descriptive_not_category_score
pdfplumber,text,cer,9,0.07145040428821085,92.85495957117891,object_micro_descriptive_not_category_score
pdfplumber,text,edit_similarity,9,0.9286465404662794,92.86465404662793,object_micro_descriptive_not_category_score
pdfplumber,text,wer,9,0.32561874174344174,67.43812582565583,object_micro_descriptive_not_category_score
pymupdf,chemistry,composition_similarity,2,1.0,100.0,object_micro_descriptive_not_category_score
pymupdf,chemistry,detection,6,1.0,100.0,object_micro_descriptive_not_category_score
pymupdf,chemistry,edit_similarity,2,1.0,100.0,object_micro_descriptive_not_category_score
pymupdf,chemistry,extraction,4,1.0,100.0,object_micro_descriptive_not_category_score
pymupdf,chemistry,iou,4,0.5946251582546409,59.46251582546408,object_micro_descriptive_not_category_score
pymupdf,chemistry,label_f1,4,0.0,0.0,object_micro_descriptive_not_category_score
pymupdf,chemistry,label_precision,4,1.0,100.0,object_micro_descriptive_not_category_score
pymupdf,chemistry,label_recall,4,0.0,0.0,object_micro_descriptive_not_category_score
pymupdf,chemistry,normalized_exact_match,2,1.0,100.0,object_micro_descriptive_not_category_score
pymupdf,chemistry,structured_extraction,6,0.6653869424415811,66.53869424415812,object_micro_descriptive_not_category_score
pymupdf,chemistry,token_f1,2,1.0,100.0,object_micro_descriptive_not_category_score
pymupdf,chemistry,token_precision,2,1.0,100.0,object_micro_descriptive_not_category_score
pymupdf,chemistry,token_recall,2,1.0,100.0,object_micro_descriptive_not_category_score
pymupdf,diagram,caption,7,0.0,0.0,object_micro_descriptive_not_category_score
pymupdf,diagram,caption_edit_similarity,7,0.0,0.0,object_micro_descriptive_not_category_score
pymupdf,diagram,caption_token_f1,7,0.0,0.0,object_micro_descriptive_not_category_score
pymupdf,diagram,caption_token_precision,7,1.0,100.0,object_micro_descriptive_not_category_score
pymupdf,diagram,caption_token_recall,7,0.0,0.0,object_micro_descriptive_not_category_score
pymupdf,diagram,detection_recall,7,0.0,0.0,object_micro_descriptive_not_category_score
pymupdf,diagram,diagram_text_f1,7,0.0,0.0,object_micro_descriptive_not_category_score
pymupdf,diagram,diagram_text_precision,7,1.0,100.0,object_micro_descriptive_not_category_score
pymupdf,diagram,diagram_text_recall,7,0.0,0.0,object_micro_descriptive_not_category_score
pymupdf,diagram,element_recall,7,0.0,0.0,object_micro_descriptive_not_category_score
pymupdf,diagram,iou,7,0.0,0.0,object_micro_descriptive_not_category_score
pymupdf,diagram,key_elements,7,0.0,0.0,object_micro_descriptive_not_category_score
pymupdf,image,caption,5,0.0,0.0,object_micro_descriptive_not_category_score
pymupdf,image,caption_edit_similarity,5,0.0,0.0,object_micro_descriptive_not_category_score
pymupdf,image,caption_token_f1,5,0.0,0.0,object_micro_descriptive_not_category_score
pymupdf,image,caption_token_precision,5,1.0,100.0,object_micro_descriptive_not_category_score
pymupdf,image,caption_token_recall,5,0.0,0.0,object_micro_descriptive_not_category_score
pymupdf,image,detection_recall,5,0.8,80.0,object_micro_descriptive_not_category_score
pymupdf,image,extraction,5,0.8,80.0,object_micro_descriptive_not_category_score
pymupdf,image,iou,5,0.6325083785918874,63.250837859188735,object_micro_descriptive_not_category_score
pymupdf,math,edit_similarity,6,0.0,0.0,object_micro_descriptive_not_category_score
pymupdf,math,normalized_exact_match,6,0.0,0.0,object_micro_descriptive_not_category_score
pymupdf,math,raw_exact_match,6,0.0,0.0,object_micro_descriptive_not_category_score
pymupdf,math,token_f1,6,0.0,0.0,object_micro_descriptive_not_category_score
pymupdf,math,token_precision,6,1.0,100.0,object_micro_descriptive_not_category_score
pymupdf,math,token_recall,6,0.0,0.0,object_micro_descriptive_not_category_score
pymupdf,table,cell_content,7,0.5640412291965181,56.40412291965181,object_micro_descriptive_not_category_score
pymupdf,table,cell_f1,7,0.5735157699443414,57.35157699443414,object_micro_descriptive_not_category_score
pymupdf,table,cell_precision,7,0.9038548752834468,90.38548752834467,object_micro_descriptive_not_category_score
pymupdf,table,cell_recall,7,0.569321922317314,56.9321922317314,object_micro_descriptive_not_category_score
pymupdf,table,column_structure,7,0.7142857142857143,71.42857142857143,object_micro_descriptive_not_category_score
pymupdf,table,merged_f1,7,0.5714285714285714,57.142857142857146,object_micro_descriptive_not_category_score
pymupdf,table,merged_precision,7,1.0,100.0,object_micro_descriptive_not_category_score
pymupdf,table,merged_recall,7,0.5714285714285714,57.142857142857146,object_micro_descriptive_not_category_score
pymupdf,table,row_structure,7,0.6285714285714286,62.857142857142854,object_micro_descriptive_not_category_score
pymupdf,table,structure,7,0.638095238095238,63.8095238095238,object_micro_descriptive_not_category_score
pymupdf,table,teds_like,7,0.5257688439410609,52.576884394106095,object_micro_descriptive_not_category_score
pymupdf,text,cer,9,0.00030525030525030525,99.96947496947497,object_micro_descriptive_not_category_score
pymupdf,text,edit_similarity,9,0.9996947496947497,99.96947496947497,object_micro_descriptive_not_category_score
pymupdf,text,wer,9,0.0,100.0,object_micro_descriptive_not_category_score
