tool,category,n,mean,median,sd,q1,q3,min,max,ss_total,ss_within_document,ss_between_documents,between_document_share,sample_variance,matched,missing,matched_fraction,zero_score_objects,matched_only_mean,canonical_category_score
pymupdf,text,9,99.98092185592185,100.0,0.057234432234433065,100.0,100.0,99.8282967032967,100.0,0.026206241865583287,0.0147410110493906,0.011465230816192688,0.4375,0.003275780233197911,9,0,1.0,0,99.98092185592185,99.98282967032966
pymupdf,table,7,55.11539048307488,70.73846726190476,41.21880626586753,23.218032022246284,84.31660103756343,0.0,100.0,10193.939939898723,1001.9863057273305,9191.953634171392,0.9017076506596247,1698.9899899831205,5,2,0.7142857142857143,2,77.16154667630484,48.58077333815242
pymupdf,math,6,0.0,0.0,0.0,0.0,0.0,0.0,0.0,0.0,0.0,0.0,,0.0,0,6,0.0,6,,0.0
pymupdf,chemistry,6,76.57708597091067,66.0640996502733,18.186117332950595,64.67296548531634,91.68085425542608,62.905289970776415,100.0,1653.6743182392302,1653.6743182392302,0.0,0.0,330.73486364784605,6,0,1.0,0,76.57708597091067,82.432814478183
pymupdf,image,5,59.81270946479718,79.99772187247541,34.64294695915531,59.06752320925,79.99860500066222,0.0,79.99969724159828,4800.535096059392,1744.4861509959733,3056.0489450634195,0.6366058957827501,1200.133774014848,4,1,0.8,1,74.76588683099648,54.76621815476849
pymupdf,diagram,7,0.0,0.0,0.0,0.0,0.0,0.0,0.0,0.0,0.0,0.0,,0.0,0,7,0.0,7,,0.0
pdfplumber,text,9,83.3248587260389,79.05060271059645,10.423027854113574,75.00467042492649,89.54875785222,72.09928229665073,100.0,869.1160771810191,93.2851446179104,775.8309325631085,0.8926666448048214,108.63950964762739,9,0,1.0,0,83.3248587260389,82.89743312449464
pdfplumber,table,7,53.98191139173314,69.17596726190476,40.210785745031956,22.972933983030597,83.10710942274221,0.0,96.53732566868159,9701.44374139719,960.5335560119482,8740.910185385243,0.9009906585436105,1616.907290232865,5,2,0.7142857142857143,2,75.5746759484264,47.44107054108136
pdfplumber,math,6,0.0,0.0,0.0,0.0,0.0,0.0,0.0,0.0,0.0,0.0,,0.0,0,6,0.0,6,,0.0
pdfplumber,chemistry,6,63.45006505537103,46.2973964734003,28.337369119708583,44.987220414253564,86.7654413784239,43.300312644122485,100.0,4015.0324431330678,4015.0324431330678,0.0,0.0,803.0064886266135,6,0,1.0,0,63.45006505537103,72.58754879152826
pdfplumber,image,5,39.81271373116898,54.9977466002465,24.030710927202055,34.06752320925,54.99859985506955,0.0,54.999698991278834,2309.900270666993,580.2980707223853,1729.602199944608,0.7487778679921875,577.4750676667483,4,1,0.8,1,49.76589216396122,36.01622171007831
pdfplumber,diagram,7,0.0,0.0,0.0,0.0,0.0,0.0,0.0,0.0,0.0,0.0,,0.0,0,7,0.0,7,,0.0
docling,text,9,93.52286549447649,96.26053370786518,6.878945737806225,92.17984904215241,96.94655673274096,78.35710122463621,100.0,378.55915570945945,103.67124043285293,274.88791527660635,0.7261425622144514,47.31989446368243,9,0,1.0,0,93.52286549447649,92.00628906749246
docling,table,7,69.80043563491833,72.44337909936311,22.747605150279494,61.935133168600274,82.5551180106216,28.823974792718555,98.35519319390286,3104.7212404381326,956.244649960414,2148.476590477719,0.6920030573097539,517.453540073022,7,0,1.0,0,69.80043563491833,65.71192584470283
docling,math,6,45.444868980201804,53.72161172161172,18.273917370107398,47.3239462094424,54.46346211440551,8.990520487264673,56.333333333333336,1669.680280247564,4.580671508361092,1665.0996087392027,0.9972565576999675,333.9360560495128,6,0,1.0,0,45.444868980201804,36.2778838815684
docling,chemistry,6,64.59800212051398,50.34901163848374,27.662456113976447,45.41458292006364,88.28026694609913,42.196197383555216,100.0,3826.0573912883647,3826.0573912883647,0.0,0.0,765.211478257673,6,0,1.0,0,64.59800212051398,73.44850159038549
docling,image,5,49.20627293486839,72.25270178624213,45.37927375306177,0.0,83.46619887828993,0.0,90.31246400980989,8237.113945421283,7666.832743360657,570.281202060625,0.06923313260436612,2059.2784863553206,3,2,0.6,2,82.01045489144731,47.0262859279105
docling,diagram,7,43.180494813341184,42.1714162879412,6.886825382487399,38.540422249155824,49.1186509253851,34.06162627853105,50.712274777834224,284.57018309323627,4.837807345837273,279.732375747399,0.9829995985761718,47.42836384887271,7,0,1.0,0,43.180494813341184,42.19306332071985
pdfminer,text,9,88.97805805201895,99.17470306146934,27.600087098236173,96.32219299933715,100.0,15.781922525107609,100.0,6094.118462641784,13.578282649386514,6080.540179992398,0.9977719037244478,761.764807830223,9,0,1.0,0,88.97805805201895,81.65844449932783
pdfminer,table,7,0.0,0.0,0.0,0.0,0.0,0.0,0.0,0.0,0.0,0.0,,0.0,0,7,0.0,7,,0.0
pdfminer,math,6,0.0,0.0,0.0,0.0,0.0,0.0,0.0,0.0,0.0,0.0,,0.0,0,6,0.0,6,,0.0
pdfminer,chemistry,6,76.78339838870436,66.2973964734003,18.024266869396286,64.98722041425357,91.7654413784239,63.30031264412248,100.0,1624.370980896083,1624.370980896083,0.0,0.0,324.8741961792166,6,0,1.0,0,76.78339838870436,82.58754879152826
pdfminer,image,5,59.81271373116898,79.9977466002465,34.64295006644729,59.06752320925,79.99859985506956,0.0,79.99969899127883,4800.535957225442,1744.4861509536352,3056.049806271806,0.636605960980679,1200.1339893063605,4,1,0.8,1,74.76589216396123,54.76622171007831
pdfminer,diagram,7,0.0,0.0,0.0,0.0,0.0,0.0,0.0,0.0,0.0,0.0,,0.0,0,7,0.0,7,,0.0
mineru,text,9,83.99138571221582,84.4951855924396,11.870960627288964,73.54623475313132,90.65300571181288,65.88469418974577,100.0,1127.3576497171584,823.3620751013591,303.99557461579957,0.2696531794431596,140.9197062146448,9,0,1.0,0,83.99138571221582,84.1232681622076
mineru,table,7,76.141122906096,82.96133245285787,21.762985321615265,66.41406735190017,91.86171806217945,35.92344607264393,97.55151098901099,2841.7651806530484,204.85989831726633,2636.9052823357824,0.9279110393385183,473.6275301088414,7,0,1.0,0,76.141122906096,71.44213757602523
mineru,math,6,50.08321227748823,51.518732686615905,5.8649586324271095,48.89001599880008,52.110766244978635,39.769230769230774,57.37068965517243,171.98869880040635,44.334780291641295,127.65391850876505,0.7422227123010448,34.39773976008127,6,0,1.0,0,50.08321227748823,48.02216305272462
mineru,chemistry,6,51.927052442604264,59.47358555496682,14.274131330951262,42.10593026648333,60.66482376077032,30.979020979020984,64.25750756697732,1018.7541262662221,1018.7541262662221,0.0,0.0,203.75082525324441,6,0,1.0,0,51.927052442604264,47.395047906711774
mineru,image,5,76.73994352741975,73.30017192111849,13.986014724480425,70.79904152432307,78.19317288012907,61.97168732449071,99.43564398703744,782.434431493533,425.0434034916973,357.39102800183605,0.4567680224905721,195.60860787338325,5,0,1.0,0,76.73994352741975,75.01418034358429
mineru,diagram,7,13.151302842731328,0.0,17.518235456566654,0.0,24.702578974089263,0.0,42.653961950940776,1841.3314410702542,909.6802350561517,931.6512060141024,0.5059660554498489,306.888573511709,3,4,0.42857142857142855,4,30.686373299706432,14.146427784729783
ocr_space,text,9,64.24135104742984,87.18892602940862,43.51106333857315,14.440154872924783,93.31499662234869,0.0,100.0,15145.701062826598,7561.4379825185515,7584.263080308044,0.5007535173741647,1893.2126328533247,8,1,0.8888888888888888,1,72.27151992835857,59.26123142997933
ocr_space,table,7,52.293931892271395,70.60287966537967,38.51245994959086,23.107122434954018,77.10269567254811,0.0,95.03500736551584,8899.257428213043,500.4677819092547,8398.789646303789,0.9437629728158401,1483.2095713688404,5,2,0.7142857142857143,2,73.21150464917996,46.10925306114156
ocr_space,math,6,0.0,0.0,0.0,0.0,0.0,0.0,0.0,0.0,0.0,0.0,,0.0,0,6,0.0,6,,0.0
ocr_space,chemistry,6,72.35659345836301,84.55216059754775,26.703231234194774,53.57099235442454,92.12411786110428,32.75000000000001,94.39319966607593,3565.312791734377,3565.312791734377,0.0,0.0,713.0625583468753,6,0,1.0,0,72.35659345836301,64.0571410397182
ocr_space,image,5,0.0,0.0,0.0,0.0,0.0,0.0,0.0,0.0,0.0,0.0,,0.0,0,5,0.0,5,,0.0
ocr_space,diagram,7,0.0,0.0,0.0,0.0,0.0,0.0,0.0,0.0,0.0,0.0,,0.0,0,7,0.0,7,,0.0
nutrient,text,9,94.85752017515051,98.79311402304121,6.342376049335362,88.44668844668846,100.0,83.60031512605042,100.0,321.8058716094627,95.59324308627929,226.21262852318327,0.7029474862960564,40.22573395118284,9,0,1.0,0,94.85752017515051,93.7317996702405
nutrient,table,7,71.35054883001918,77.51714281550422,21.800417734737337,60.358681588155896,85.01656241422648,34.73342648623334,96.45278450363197,2851.549280454302,227.42436902613096,2624.124911428171,0.9202453309907734,475.2582134090503,7,0,1.0,0,71.35054883001918,70.81571956155038
nutrient,math,6,27.329276191012408,30.601234787054537,15.74075326171441,22.85251345242298,35.10421400385778,0.0,45.89837415496073,1238.856566230864,683.6483837939635,555.2081824369006,0.4481617949736372,247.7713132461728,6,0,1.0,1,27.329276191012408,33.70236733258427
nutrient,chemistry,6,60.50887690783048,42.41204737433259,30.65031452450835,40.10742754251943,86.04844617303553,38.2960333271328,100.0,4697.208902256438,4697.208902256438,0.0,0.0,939.4417804512875,6,0,1.0,0,60.50887690783048,70.38165768087285
nutrient,image,5,45.4585941395927,47.588580997705165,7.264052483915765,39.13000206645426,49.40252720038123,36.89999689405243,54.27186353937042,211.06583395633118,26.375495781179865,184.69033817515137,0.8750366400530898,52.766458489082794,5,0,1.0,0,45.4585941395927,44.217995029702806
nutrient,diagram,7,0.0,0.0,0.0,0.0,0.0,0.0,0.0,0.0,0.0,0.0,,0.0,0,7,0.0,7,,0.0
mindee,text,9,94.50737925082976,95.5521862072264,5.617749132874666,92.31487217947047,100.0,84.48508595511376,100.0,252.47284255931248,114.67258319911834,137.80025936019422,0.5458023047679725,31.55910531991406,9,0,1.0,0,94.50737925082976,93.50514992125817
mindee,table,7,0.0,0.0,0.0,0.0,0.0,0.0,0.0,0.0,0.0,0.0,,0.0,0,7,0.0,7,,0.0
mindee,math,6,0.0,0.0,0.0,0.0,0.0,0.0,0.0,0.0,0.0,0.0,,0.0,0,6,0.0,6,,0.0
mindee,chemistry,6,55.26568565694083,59.466569195106295,9.325741004543312,49.0339532153308,61.12233933953061,41.50000000000001,63.9302982750214,434.84722641910247,434.84722641910247,0.0,0.0,86.96944528382049,6,0,1.0,0,55.26568565694083,52.332710188651575
mindee,image,5,0.0,0.0,0.0,0.0,0.0,0.0,0.0,0.0,0.0,0.0,,0.0,0,5,0.0,5,,0.0
mindee,diagram,7,0.0,0.0,0.0,0.0,0.0,0.0,0.0,0.0,0.0,0.0,,0.0,0,7,0.0,7,,0.0
adobe_extract,text,9,93.04246823720932,94.79251357038667,5.7245429184084635,88.44668844668846,97.86316211878011,84.64056735499078,100.0,262.16313299760395,117.35166013014161,144.8114728674623,0.5523716138561169,32.770391624700494,9,0,1.0,0,93.04246823720932,92.20227814898746
adobe_extract,table,7,70.21375436321951,77.17434894854249,32.6156909325216,69.92527439878782,88.78936371459338,0.0,96.89265536723164,6382.69977003463,30.644969624051413,6352.0548004105785,0.9951987449311147,1063.7832950057716,6,1,0.8571428571428571,1,81.91604675708942,65.86282495882962
adobe_extract,math,6,0.0,0.0,0.0,0.0,0.0,0.0,0.0,0.0,0.0,0.0,,0.0,0,6,0.0,6,,0.0
adobe_extract,chemistry,6,59.871797421753385,41.377933323208005,31.126670892947956,39.0467367194063,85.66316162351893,37.78034230900932,100.0,4844.348204389468,4844.348204389468,0.0,0.0,968.8696408778936,6,0,1.0,0,59.871797421753385,69.90384806631504
adobe_extract,image,5,59.81271647034505,79.99774880072043,34.64294887311239,59.06754431759859,79.99859382331206,0.0,79.99969541009418,4800.535626500316,1744.4873977613515,3056.048228738964,0.63660567622261,1200.133906625079,4,1,0.8,1,74.76589558793131,54.76622575175409
adobe_extract,diagram,7,0.0,0.0,0.0,0.0,0.0,0.0,0.0,0.0,0.0,0.0,,0.0,0,7,0.0,7,,0.0
llamaparse,text,9,93.28023275201966,91.59782367166275,5.640669654072966,89.22027185916075,98.9989219705244,85.08603517626564,100.0,254.5372331710371,72.01916273246071,182.51807043857633,0.7170584364603851,31.817154146379636,9,0,1.0,0,93.28023275201966,92.46081299444425
llamaparse,table,7,71.76522584782809,72.82629777057022,14.191240678736998,63.67825208609961,79.7990650577733,51.7434308859746,90.83221799050604,1208.3478720110386,283.8615565141694,924.4863154968695,0.7650829176851681,201.39131200183976,7,0,1.0,0,71.76522584782809,71.36981419363178
llamaparse,math,6,41.49162553324054,50.92741140684298,21.336215530589097,40.58212842808584,53.200357659335324,0.0,56.003223207091054,2276.170465838757,19.6689045567233,2256.501561282034,0.9913587734961339,455.23409316775144,5,1,0.8333333333333334,1,49.789950639888644,30.105942543116303
llamaparse,chemistry,6,59.738853609615624,41.1861652926858,31.228370473478762,38.811269589795764,85.59813440024016,37.63902928073147,100.0,4876.0556121442005,4876.0556121442005,0.0,0.0,975.2111224288401,6,0,1.0,0,59.738853609615624,69.80414020721172
llamaparse,image,5,0.0,0.0,0.0,0.0,0.0,0.0,0.0,0.0,0.0,0.0,,0.0,0,5,0.0,5,,0.0
llamaparse,diagram,7,0.0,0.0,0.0,0.0,0.0,0.0,0.0,0.0,0.0,0.0,,0.0,0,7,0.0,7,,0.0
