quality,operational_metric,n_tools,spearman_rho,scope
text_score,sec_per_page,10,-0.21212121212121213,descriptive_fixed_roster
text_score,peak_ram_mb,10,-0.18787878787878787,descriptive_fixed_roster
text_score,peak_vram_mb,10,-0.16434977710076595,descriptive_fixed_roster
text_score,api_cost_usd,10,,descriptive_fixed_roster
table_score,sec_per_page,10,0.13981827504641484,descriptive_fixed_roster
table_score,peak_ram_mb,10,-0.05471149893120581,descriptive_fixed_roster
table_score,peak_vram_mb,10,0.3991107248264377,descriptive_fixed_roster
table_score,api_cost_usd,10,,descriptive_fixed_roster
math_score,sec_per_page,10,0.6121212121212121,descriptive_fixed_roster
math_score,peak_ram_mb,10,-0.07878787878787878,descriptive_fixed_roster
math_score,peak_vram_mb,10,0.4151994368861456,descriptive_fixed_roster
math_score,api_cost_usd,10,,descriptive_fixed_roster
chemistry_score,sec_per_page,10,-0.07878787878787878,descriptive_fixed_roster
chemistry_score,peak_ram_mb,10,0.3090909090909091,descriptive_fixed_roster
chemistry_score,peak_vram_mb,10,-0.11244984748999776,descriptive_fixed_roster
chemistry_score,api_cost_usd,10,,descriptive_fixed_roster
image_score,sec_per_page,10,-0.23928181646454105,descriptive_fixed_roster
image_score,peak_ram_mb,10,0.49696992650327754,descriptive_fixed_roster
image_score,peak_vram_mb,10,0.4028119854110959,descriptive_fixed_roster
image_score,api_cost_usd,10,,descriptive_fixed_roster
diagram_score,sec_per_page,10,0.38924947208076144,descriptive_fixed_roster
diagram_score,peak_ram_mb,10,0.7006490497453707,descriptive_fixed_roster
diagram_score,peak_vram_mb,10,1.0,descriptive_fixed_roster
diagram_score,api_cost_usd,10,,descriptive_fixed_roster
overall_score,sec_per_page,10,0.2606060606060606,descriptive_fixed_roster
overall_score,peak_ram_mb,10,0.4303030303030303,descriptive_fixed_roster
overall_score,peak_vram_mb,10,0.7006490497453707,descriptive_fixed_roster
overall_score,api_cost_usd,10,,descriptive_fixed_roster
