tool,category,n_documents,document_sd,range,min_document,min_score,max_document,max_score
pymupdf,text,5,0.03839402433893926,0.0858516483516496,D01,99.91414835164835,D02,100.0
pymupdf,table,5,45.90068372251487,100.0,D04,0.0,D03,100.0
pymupdf,math,3,11.882289711365473,23.42555308440493,D01,11.399015481201399,D04,34.82456856560633
pymupdf,chemistry,1,,0.0,D02,82.432814478183,D02,82.432814478183
pymupdf,image,2,35.68408226520276,50.46491310028698,D05,29.533761604625,D01,79.99867470491198
pymupdf,diagram,5,0.0,0.0,D01,0.0,D01,0.0
pdfplumber,text,5,9.951590768566223,20.928922807610547,D04,73.55197636078861,D01,94.48089916839916
pdfplumber,table,5,44.654424464914804,96.53732566868159,D04,0.0,D03,96.53732566868159
pdfplumber,math,3,10.28920750501775,20.198233016973923,D01,10.888664842287197,D04,31.086897859261118
pdfplumber,chemistry,1,,0.0,D02,72.58754879152826,D02,72.58754879152826
pdfplumber,image,2,26.84525252833829,37.96492021090663,D05,17.033761604625,D01,54.998681815531626
pdfplumber,diagram,5,0.0,0.0,D01,0.0,D01,0.0
docling,text,5,7.761187735908517,18.61673958663286,D05,78.35710122463621,D03,96.97384081126907
docling,table,5,21.512801292082422,52.738132574161,D04,28.823974792718555,D01,81.56210736687956
docling,math,3,24.09250831636052,45.62133359157053,D05,8.990520487264673,D04,54.61185407883521
docling,chemistry,1,,0.0,D02,73.44850159038549,D02,73.44850159038549
docling,image,2,15.414835955184875,21.799870069578873,D05,36.126350893121064,D01,57.92622096269994
docling,diagram,5,7.714504318964305,16.573365199948235,D02,34.06162627853105,D04,50.634991478479286
pdfminer,text,5,36.91620072958987,84.2180774748924,D05,15.781922525107609,D02,100.0
pdfminer,table,5,0.0,0.0,D01,0.0,D01,0.0
pdfminer,math,3,10.290322316390181,20.557741815076497,D01,10.974918211559434,D04,31.53266002663593
pdfminer,chemistry,1,,0.0,D02,82.58754879152826,D02,82.58754879152826
pdfminer,image,2,35.68408729317013,50.46492021090663,D05,29.533761604625,D01,79.99868181553163
pdfminer,diagram,5,0.0,0.0,D01,0.0,D01,0.0
mineru,text,5,6.1802198875851575,16.558911045697542,D04,75.18993989109268,D03,91.74885093679022
mineru,table,5,23.08904068142873,59.64895363786063,D04,35.92344607264393,D02,95.57239971050456
mineru,math,3,7.147250347769173,12.383766117460489,D01,39.769230769230774,D05,52.15299688669126
mineru,chemistry,1,,0.0,D02,47.395047906711774,D02,47.395047906711774
mineru,image,2,12.202988500121531,17.257631838354783,D05,66.38536442440689,D01,83.64299626276167
mineru,diagram,5,13.104401535092938,27.17578744127807,D01,0.0,D02,27.17578744127807
ocr_space,text,5,35.029284724852765,81.81326889125938,D05,14.440154872924783,D03,96.25342376418416
ocr_space,table,5,43.7498532597227,95.03500736551584,D04,0.0,D03,95.03500736551584
ocr_space,math,3,8.55950529579081,16.80050439646709,D04,37.79902833888456,D05,54.59953273535165
ocr_space,chemistry,1,,0.0,D02,64.0571410397182,D02,64.0571410397182
ocr_space,image,2,0.0,0.0,D01,0.0,D01,0.0
ocr_space,diagram,5,0.0,0.0,D01,0.0,D01,0.0
nutrient,text,5,6.521740828652647,15.810505425671806,D05,83.60031512605042,D03,99.41082055172222
nutrient,table,5,24.05781383952847,61.71935801739863,D04,34.73342648623334,D03,96.45278450363197
nutrient,math,3,12.480193072308825,24.94218910552018,D04,20.95618504944055,D05,45.89837415496073
nutrient,chemistry,1,,0.0,D02,70.38165768087285,D02,70.38165768087285
nutrient,image,2,8.772360433371382,12.40599109889893,D05,38.014999480253344,D01,50.420990579152274
nutrient,diagram,5,0.0,0.0,D01,0.0,D01,0.0
mindee,text,5,5.340903317499446,13.931441323620817,D05,84.48508595511376,D02,98.41652727873458
mindee,table,5,0.0,0.0,D01,0.0,D01,0.0
mindee,math,3,8.615905336045337,15.10499101726545,D01,9.226559124297856,D04,24.331550141563305
mindee,chemistry,1,,0.0,D02,52.332710188651575,D02,52.332710188651575
mindee,image,2,0.0,0.0,D01,0.0,D01,0.0
mindee,diagram,5,0.0,0.0,D01,0.0,D01,0.0
adobe_extract,text,5,5.103236931823572,13.267957907926316,D05,84.64056735499078,D02,97.9085252629171
adobe_extract,table,5,38.41302618811381,96.89265536723164,D05,0.0,D03,96.89265536723164
adobe_extract,math,3,0.0,0.0,D01,0.0,D01,0.0
adobe_extract,chemistry,1,,0.0,D02,69.90384806631504,D02,69.90384806631504
adobe_extract,image,2,35.68407808310641,50.464907185909595,D05,29.533772158799295,D01,79.99867934470889
adobe_extract,diagram,5,0.0,0.0,D01,0.0,D01,0.0
llamaparse,text,5,5.51076738029764,14.413425808996564,D05,85.08603517626564,D03,99.4994609852622
llamaparse,table,5,13.757004381743135,33.58560371707035,D03,51.7434308859746,D04,85.32903460304495
llamaparse,math,3,10.576023654668308,20.241811909873654,D01,37.44051910598414,D05,57.68233101585779
llamaparse,chemistry,1,,0.0,D02,69.80414020721172,D02,69.80414020721172
llamaparse,image,2,0.0,0.0,D01,0.0,D01,0.0
llamaparse,diagram,5,0.0,0.0,D01,0.0,D01,0.0
