tool,document_id,page,object_id,object_type,category,subtype,matched,object_score
pymupdf,D01,4,TAB_001,table,table,,True,46.43606404449257
pymupdf,D01,8,IMG_001,image,image,,True,79.99969724159828
pymupdf,D01,8,TAB_002,table,table,,True,90.6041522718835
pymupdf,D01,9,DIA_001,diagram,diagram,,False,0.0
pymupdf,D01,9,IMG_002,image,image,,True,79.99772187247541
pymupdf,D01,15,TXT_001,text,text,,True,100.0
pymupdf,D01,17,MATH_001,math_formula,math,,True,11.399015481201399
pymupdf,D01,27,IMG_003,image,image,,True,79.99860500066222
pymupdf,D01,27,TXT_002,text,text,,True,99.8282967032967
pymupdf,D01,39,DIA_002,diagram,diagram,,False,0.0
pymupdf,D02,2,CHEM_003,chemical_structure,chemistry,structure,True,62.905289970776415
pymupdf,D02,2,CHEM_004,chemical_structure,chemistry,structure,True,66.72341702170432
pymupdf,D02,2,CHEM_005,chemical_structure,chemistry,structure,True,65.4047822788423
pymupdf,D02,2,CHEM_006,chemical_structure,chemistry,structure,True,64.42902655414102
pymupdf,D02,2,TAB_003,table,table,,True,70.73846726190476
pymupdf,D02,3,CHEM_001,chemical_formula,chemistry,linear_formula,True,100.0
pymupdf,D02,3,CHEM_002,chemical_formula,chemistry,linear_formula,True,100.0
pymupdf,D02,3,TXT_003,text,text,,True,100.0
pymupdf,D02,4,DIA_003,diagram,diagram,,False,0.0
pymupdf,D02,5,TAB_004,table,table,,True,78.02904980324335
pymupdf,D02,5,TXT_004,text,text,,True,100.0
pymupdf,D03,2,TXT_005,text,text,,True,100.0
pymupdf,D03,5,DIA_004,diagram,diagram,,False,0.0
pymupdf,D03,6,TAB_005,table,table,,True,100.0
pymupdf,D03,7,TXT_006,text,text,,True,100.0
pymupdf,D03,9,DIA_005,diagram,diagram,,False,0.0
pymupdf,D04,1,MATH_002,math_formula,math,,True,29.83571807101219
pymupdf,D04,2,MATH_003,math_formula,math,,True,29.650943396226413
pymupdf,D04,3,MATH_004,math_formula,math,,True,46.7843137254902
pymupdf,D04,6,MATH_005,math_formula,math,,True,33.02729906969651
pymupdf,D04,7,TXT_007,text,text,,True,100.0
pymupdf,D04,8,TAB_006,table,table,,False,0.0
pymupdf,D04,9,TXT_008,text,text,,True,100.0
pymupdf,D04,10,DIA_006,diagram,diagram,,False,0.0
pymupdf,D05,2,IMG_004,image,image,,False,0.0
pymupdf,D05,2,IMG_005,image,image,,True,59.06752320925
pymupdf,D05,8,DIA_007,diagram,diagram,,False,0.0
pymupdf,D05,10,TXT_009,text,text,,True,100.0
pymupdf,D05,19,MATH_006,math_formula,math,,True,19.647831375278596
pymupdf,D05,21,TAB_007,table,table,,False,0.0
pdfplumber,D01,4,TAB_001,table,table,,True,45.94586796606119
pdfplumber,D01,8,IMG_001,image,image,,True,54.999698991278834
pdfplumber,D01,8,TAB_002,table,table,,True,89.03986989694195
pdfplumber,D01,9,DIA_001,diagram,diagram,,False,0.0
pdfplumber,D01,9,IMG_002,image,image,,True,54.9977466002465
pdfplumber,D01,15,TXT_001,text,text,,True,100.0
pdfplumber,D01,17,MATH_001,math_formula,math,,True,10.888664842287197
pdfplumber,D01,27,IMG_003,image,image,,True,54.99859985506955
pdfplumber,D01,27,TXT_002,text,text,,True,88.96179833679834
pdfplumber,D01,39,DIA_002,diagram,diagram,,False,0.0
pdfplumber,D02,2,CHEM_003,chemical_structure,chemistry,structure,True,43.300312644122485
pdfplumber,D02,2,CHEM_004,chemical_structure,chemistry,structure,True,47.06176551369559
pdfplumber,D02,2,CHEM_005,chemical_structure,chemistry,structure,True,45.533027433105
pdfplumber,D02,2,CHEM_006,chemical_structure,chemistry,structure,True,44.80528474130308
pdfplumber,D02,2,TAB_003,table,table,,True,69.17596726190476
pdfplumber,D02,3,CHEM_001,chemical_formula,chemistry,linear_formula,True,100.0
pdfplumber,D02,3,CHEM_002,chemical_formula,chemistry,linear_formula,True,100.0
pdfplumber,D02,3,TXT_003,text,text,,True,89.54875785222
pdfplumber,D02,4,DIA_003,diagram,diagram,,False,0.0
pdfplumber,D02,5,TAB_004,table,table,,True,77.17434894854249
pdfplumber,D02,5,TXT_004,text,text,,True,95.66111556982344
pdfplumber,D03,2,TXT_005,text,text,,True,72.6235382547732
pdfplumber,D03,5,DIA_004,diagram,diagram,,False,0.0
pdfplumber,D03,6,TAB_005,table,table,,True,96.53732566868159
pdfplumber,D03,7,TXT_006,text,text,,True,76.97396308856138
pdfplumber,D03,9,DIA_005,diagram,diagram,,False,0.0
pdfplumber,D04,1,MATH_002,math_formula,math,,True,27.54826254826255
pdfplumber,D04,2,MATH_003,math_formula,math,,True,27.15151515151515
pdfplumber,D04,3,MATH_004,math_formula,math,,True,42.16030271757826
pdfplumber,D04,6,MATH_005,math_formula,math,,True,27.487511019688515
pdfplumber,D04,7,TXT_007,text,text,,True,75.00467042492649
pdfplumber,D04,8,TAB_006,table,table,,False,0.0
pdfplumber,D04,9,TXT_008,text,text,,True,72.09928229665073
pdfplumber,D04,10,DIA_006,diagram,diagram,,False,0.0
pdfplumber,D05,2,IMG_004,image,image,,False,0.0
pdfplumber,D05,2,IMG_005,image,image,,True,34.06752320925
pdfplumber,D05,8,DIA_007,diagram,diagram,,False,0.0
pdfplumber,D05,10,TXT_009,text,text,,True,79.05060271059645
pdfplumber,D05,19,MATH_006,math_formula,math,,True,17.577955770490153
pdfplumber,D05,21,TAB_007,table,table,,False,0.0
docling,D01,4,TAB_001,table,table,,True,90.68083563439599
docling,D01,8,IMG_001,image,image,,True,90.31246400980989
docling,D01,8,TAB_002,table,table,,True,72.44337909936311
docling,D01,9,DIA_001,diagram,diagram,,True,50.712274777834224
docling,D01,9,IMG_002,image,image,,True,83.46619887828993
docling,D01,15,TXT_001,text,text,,True,100.0
docling,D01,17,MATH_001,math_formula,math,,True,45.23127707860532
docling,D01,27,IMG_003,image,image,,False,0.0
docling,D01,27,TXT_002,text,text,,True,87.59930947430948
docling,D01,39,DIA_002,diagram,diagram,,True,47.6023103722909
docling,D02,2,CHEM_003,chemical_structure,chemistry,structure,True,44.69379206256121
docling,D02,2,CHEM_004,chemical_structure,chemistry,structure,True,42.196197383555216
docling,D02,2,CHEM_005,chemical_structure,chemistry,structure,True,47.57695549257094
docling,D02,2,CHEM_006,chemical_structure,chemistry,structure,True,53.12106778439654
docling,D02,2,TAB_003,table,table,,True,58.60743251416627
docling,D02,3,CHEM_001,chemical_formula,chemistry,linear_formula,True,100.0
docling,D02,3,CHEM_002,chemical_formula,chemistry,linear_formula,True,100.0
docling,D02,3,TXT_003,text,text,,True,92.17984904215241
docling,D02,4,DIA_003,diagram,diagram,,True,34.06162627853105
docling,D02,5,TAB_004,table,table,,True,98.35519319390286
docling,D02,5,TXT_004,text,text,,True,96.26053370786518
docling,D03,2,TXT_005,text,text,,True,100.0
docling,D03,5,DIA_004,diagram,diagram,,True,42.11029274151177
docling,D03,6,TAB_005,table,table,,True,74.4294003868472
docling,D03,7,TXT_006,text,text,,True,93.94768162253816
docling,D03,9,DIA_005,diagram,diagram,,True,42.1714162879412
docling,D04,1,MATH_002,math_formula,math,,True,53.841269841269835
docling,D04,2,MATH_003,math_formula,math,,True,56.333333333333336
docling,D04,3,MATH_004,math_formula,math,,True,53.60195360195361
docling,D04,6,MATH_005,math_formula,math,,True,54.670859538784065
docling,D04,7,TXT_007,text,text,,True,96.41475764604608
docling,D04,8,TAB_006,table,table,,True,28.823974792718555
docling,D04,9,TXT_008,text,text,,True,96.94655673274096
docling,D04,10,DIA_006,diagram,diagram,,True,50.634991478479286
docling,D05,2,IMG_004,image,image,,True,72.25270178624213
docling,D05,2,IMG_005,image,image,,False,0.0
docling,D05,8,DIA_007,diagram,diagram,,True,34.97055175679987
docling,D05,10,TXT_009,text,text,,True,78.35710122463621
docling,D05,19,MATH_006,math_formula,math,,True,8.990520487264673
docling,D05,21,TAB_007,table,table,,True,65.26283382303427
pdfminer,D01,4,TAB_001,table,table,,False,0.0
pdfminer,D01,8,IMG_001,image,image,,True,79.99969899127883
pdfminer,D01,8,TAB_002,table,table,,False,0.0
pdfminer,D01,9,DIA_001,diagram,diagram,,False,0.0
pdfminer,D01,9,IMG_002,image,image,,True,79.9977466002465
pdfminer,D01,15,TXT_001,text,text,,True,96.32219299933715
pdfminer,D01,17,MATH_001,math_formula,math,,True,10.974918211559434
pdfminer,D01,27,IMG_003,image,image,,True,79.99859985506956
pdfminer,D01,27,TXT_002,text,text,,True,91.17723492723493
pdfminer,D01,39,DIA_002,diagram,diagram,,False,0.0
pdfminer,D02,2,CHEM_003,chemical_structure,chemistry,structure,True,63.30031264412248
pdfminer,D02,2,CHEM_004,chemical_structure,chemistry,structure,True,67.06176551369559
pdfminer,D02,2,CHEM_005,chemical_structure,chemistry,structure,True,65.533027433105
pdfminer,D02,2,CHEM_006,chemical_structure,chemistry,structure,True,64.8052847413031
pdfminer,D02,2,TAB_003,table,table,,False,0.0
pdfminer,D02,3,CHEM_001,chemical_formula,chemistry,linear_formula,True,100.0
pdfminer,D02,3,CHEM_002,chemical_formula,chemistry,linear_formula,True,100.0
pdfminer,D02,3,TXT_003,text,text,,True,100.0
pdfminer,D02,4,DIA_003,diagram,diagram,,False,0.0
pdfminer,D02,5,TAB_004,table,table,,False,0.0
pdfminer,D02,5,TXT_004,text,text,,True,100.0
pdfminer,D03,2,TXT_005,text,text,,True,100.0
pdfminer,D03,5,DIA_004,diagram,diagram,,False,0.0
pdfminer,D03,6,TAB_005,table,table,,False,0.0
pdfminer,D03,7,TXT_006,text,text,,True,100.0
pdfminer,D03,9,DIA_005,diagram,diagram,,False,0.0
pdfminer,D04,1,MATH_002,math_formula,math,,True,28.44916344916345
pdfminer,D04,2,MATH_003,math_formula,math,,True,28.009009009009013
pdfminer,D04,3,MATH_004,math_formula,math,,True,42.666666666666664
pdfminer,D04,6,MATH_005,math_formula,math,,True,27.005800981704596
pdfminer,D04,7,TXT_007,text,text,,True,99.17470306146934
pdfminer,D04,8,TAB_006,table,table,,False,0.0
pdfminer,D04,9,TXT_008,text,text,,True,98.34646895502159
pdfminer,D04,10,DIA_006,diagram,diagram,,False,0.0
pdfminer,D05,2,IMG_004,image,image,,False,0.0
pdfminer,D05,2,IMG_005,image,image,,True,59.06752320925
pdfminer,D05,8,DIA_007,diagram,diagram,,False,0.0
pdfminer,D05,10,TXT_009,text,text,,True,15.781922525107609
pdfminer,D05,19,MATH_006,math_formula,math,,True,20.413171058332352
pdfminer,D05,21,TAB_007,table,table,,False,0.0
mineru,D01,4,TAB_001,table,table,,True,90.13014769236078
mineru,D01,8,IMG_001,image,image,,True,78.19317288012907
mineru,D01,8,TAB_002,table,table,,True,70.27939781172184
mineru,D01,9,DIA_001,diagram,diagram,,False,0.0
mineru,D01,9,IMG_002,image,image,,True,73.30017192111849
mineru,D01,15,TXT_001,text,text,,True,100.0
mineru,D01,17,MATH_001,math_formula,math,,True,39.769230769230774
mineru,D01,27,IMG_003,image,image,,True,99.43564398703744
mineru,D01,27,TXT_002,text,text,,True,73.54623475313132
mineru,D01,39,DIA_002,diagram,diagram,,False,0.0
mineru,D02,2,CHEM_003,chemical_structure,chemistry,structure,True,60.38059290114318
mineru,D02,2,CHEM_004,chemical_structure,chemistry,structure,True,58.56657820879045
mineru,D02,2,CHEM_005,chemical_structure,chemistry,structure,True,60.75956738064603
mineru,D02,2,CHEM_006,chemical_structure,chemistry,structure,True,64.25750756697732
mineru,D02,2,TAB_003,table,table,,True,97.55151098901099
mineru,D02,3,CHEM_001,chemical_formula,chemistry,linear_formula,True,30.979020979020984
mineru,D02,3,CHEM_002,chemical_formula,chemistry,linear_formula,True,36.61904761904762
mineru,D02,3,TXT_003,text,text,,True,72.53543907709867
mineru,D02,4,DIA_003,diagram,diagram,,True,27.17578744127807
mineru,D02,5,TAB_004,table,table,,True,93.5932884319981
mineru,D02,5,TXT_004,text,text,,True,90.65300571181288
mineru,D03,2,TXT_005,text,text,,True,100.0
mineru,D03,5,DIA_004,diagram,diagram,,True,42.653961950940776
mineru,D03,6,TAB_005,table,table,,True,82.96133245285787
mineru,D03,7,TXT_006,text,text,,True,83.49770187358044
mineru,D03,9,DIA_005,diagram,diagram,,False,0.0
mineru,D04,1,MATH_002,math_formula,math,,True,51.984074319840744
mineru,D04,2,MATH_003,math_formula,math,,True,57.37068965517243
mineru,D04,3,MATH_004,math_formula,math,,True,48.16889098060309
mineru,D04,6,MATH_005,math_formula,math,,True,51.05339105339106
mineru,D04,7,TXT_007,text,text,,True,65.88469418974577
mineru,D04,8,TAB_006,table,table,,True,35.92344607264393
mineru,D04,9,TXT_008,text,text,,True,84.4951855924396
mineru,D04,10,DIA_006,diagram,diagram,,True,22.22937050690045
mineru,D05,2,IMG_004,image,image,,True,70.79904152432307
mineru,D05,2,IMG_005,image,image,,True,61.97168732449071
mineru,D05,8,DIA_007,diagram,diagram,,False,0.0
mineru,D05,10,TXT_009,text,text,,True,85.31021021213365
mineru,D05,19,MATH_006,math_formula,math,,True,52.15299688669126
mineru,D05,21,TAB_007,table,table,,True,62.548736892078495
ocr_space,D01,4,TAB_001,table,table,,True,46.214244869908036
ocr_space,D01,8,IMG_001,image,image,,False,0.0
ocr_space,D01,8,TAB_002,table,table,,True,77.1964683684313
ocr_space,D01,9,DIA_001,diagram,diagram,,False,0.0
ocr_space,D01,9,IMG_002,image,image,,False,0.0
ocr_space,D01,15,TXT_001,text,text,,True,100.0
ocr_space,D01,17,MATH_001,math_formula,math,,True,49.04580152671756
ocr_space,D01,27,IMG_003,image,image,,False,0.0
ocr_space,D01,27,TXT_002,text,text,,True,87.18892602940862
ocr_space,D01,39,DIA_002,diagram,diagram,,False,0.0
ocr_space,D02,2,CHEM_003,chemical_structure,chemistry,structure,True,92.32447232143903
ocr_space,D02,2,CHEM_004,chemical_structure,chemistry,structure,True,91.52305448010006
ocr_space,D02,2,CHEM_005,chemical_structure,chemistry,structure,True,77.58126671499544
ocr_space,D02,2,CHEM_006,chemical_structure,chemistry,structure,True,94.39319966607593
ocr_space,D02,2,TAB_003,table,table,,True,70.60287966537967
ocr_space,D02,3,CHEM_001,chemical_formula,chemistry,linear_formula,True,32.75000000000001
ocr_space,D02,3,CHEM_002,chemical_formula,chemistry,linear_formula,True,45.56756756756757
ocr_space,D02,3,TXT_003,text,text,,True,84.71451286498989
ocr_space,D02,4,DIA_003,diagram,diagram,,False,0.0
ocr_space,D02,5,TAB_004,table,table,,True,77.00892297666492
ocr_space,D02,5,TXT_004,text,text,,True,6.006721508828252
ocr_space,D03,2,TXT_005,text,text,,True,100.0
ocr_space,D03,5,DIA_004,diagram,diagram,,False,0.0
ocr_space,D03,6,TAB_005,table,table,,True,95.03500736551584
ocr_space,D03,7,TXT_006,text,text,,True,92.50684752836834
ocr_space,D03,9,DIA_005,diagram,diagram,,False,0.0
ocr_space,D04,1,MATH_002,math_formula,math,,True,22.008534850640117
ocr_space,D04,2,MATH_003,math_formula,math,,True,53.02173913043479
ocr_space,D04,3,MATH_004,math_formula,math,,True,48.3028083028083
ocr_space,D04,6,MATH_005,math_formula,math,,True,27.863031071655044
ocr_space,D04,7,TXT_007,text,text,,True,93.31499662234869
ocr_space,D04,8,TAB_006,table,table,,False,0.0
ocr_space,D04,9,TXT_008,text,text,,False,0.0
ocr_space,D04,10,DIA_006,diagram,diagram,,False,0.0
ocr_space,D05,2,IMG_004,image,image,,False,0.0
ocr_space,D05,2,IMG_005,image,image,,False,0.0
ocr_space,D05,8,DIA_007,diagram,diagram,,False,0.0
ocr_space,D05,10,TXT_009,text,text,,True,14.440154872924783
ocr_space,D05,19,MATH_006,math_formula,math,,True,54.59953273535165
ocr_space,D05,21,TAB_007,table,table,,False,0.0
nutrient,D01,4,TAB_001,table,table,,True,50.0035890325354
nutrient,D01,8,IMG_001,image,image,,True,49.40252720038123
nutrient,D01,8,TAB_002,table,table,,True,70.71377414377639
nutrient,D01,9,DIA_001,diagram,diagram,,False,0.0
nutrient,D01,9,IMG_002,image,image,,True,47.588580997705165
nutrient,D01,15,TXT_001,text,text,,True,100.0
nutrient,D01,17,MATH_001,math_formula,math,,True,34.25254279335152
nutrient,D01,27,IMG_003,image,image,,True,54.27186353937042
nutrient,D01,27,TXT_002,text,text,,True,88.44668844668846
nutrient,D01,39,DIA_002,diagram,diagram,,False,0.0
nutrient,D02,2,CHEM_003,chemical_structure,chemistry,structure,True,39.933133371184894
nutrient,D02,2,CHEM_004,chemical_structure,chemistry,structure,True,38.2960333271328
nutrient,D02,2,CHEM_005,chemical_structure,chemistry,structure,True,40.630310056523044
nutrient,D02,2,CHEM_006,chemical_structure,chemistry,structure,True,44.193784692142124
nutrient,D02,2,TAB_003,table,table,,True,82.47014479773101
nutrient,D02,3,CHEM_001,chemical_formula,chemistry,linear_formula,True,100.0
nutrient,D02,3,CHEM_002,chemical_formula,chemistry,linear_formula,True,100.0
nutrient,D02,3,TXT_003,text,text,,True,98.79311402304121
nutrient,D02,4,DIA_003,diagram,diagram,,False,0.0
nutrient,D02,5,TAB_004,table,table,,True,87.56298003072196
nutrient,D02,5,TXT_004,text,text,,True,100.0
nutrient,D03,2,TXT_005,text,text,,True,98.82164110344446
nutrient,D03,5,DIA_004,diagram,diagram,,False,0.0
nutrient,D03,6,TAB_005,table,table,,True,96.45278450363197
nutrient,D03,7,TXT_006,text,text,,True,100.0
nutrient,D03,9,DIA_005,diagram,diagram,,False,0.0
nutrient,D04,1,MATH_002,math_formula,math,,True,35.38810440735986
nutrient,D04,2,MATH_003,math_formula,math,,True,0.0
nutrient,D04,3,MATH_004,math_formula,math,,True,26.94992678075755
nutrient,D04,6,MATH_005,math_formula,math,,True,21.486709009644787
nutrient,D04,7,TXT_007,text,text,,True,95.73141843420456
nutrient,D04,8,TAB_006,table,table,,True,34.73342648623334
nutrient,D04,9,TXT_008,text,text,,True,88.32450444292552
nutrient,D04,10,DIA_006,diagram,diagram,,False,0.0
nutrient,D05,2,IMG_004,image,image,,True,39.13000206645426
nutrient,D05,2,IMG_005,image,image,,True,36.89999689405243
nutrient,D05,8,DIA_007,diagram,diagram,,False,0.0
nutrient,D05,10,TXT_009,text,text,,True,83.60031512605042
nutrient,D05,19,MATH_006,math_formula,math,,True,45.89837415496073
nutrient,D05,21,TAB_007,table,table,,True,77.51714281550422
mindee,D01,4,TAB_001,table,table,,False,0.0
mindee,D01,8,IMG_001,image,image,,False,0.0
mindee,D01,8,TAB_002,table,table,,False,0.0
mindee,D01,9,DIA_001,diagram,diagram,,False,0.0
mindee,D01,9,IMG_002,image,image,,False,0.0
mindee,D01,15,TXT_001,text,text,,True,100.0
mindee,D01,17,MATH_001,math_formula,math,,True,9.226559124297856
mindee,D01,27,IMG_003,image,image,,False,0.0
mindee,D01,27,TXT_002,text,text,,True,87.44431244431246
mindee,D01,39,DIA_002,diagram,diagram,,False,0.0
mindee,D02,2,CHEM_003,chemical_structure,chemistry,structure,True,59.50002823159212
mindee,D02,2,CHEM_004,chemical_structure,chemistry,structure,True,61.66310970884344
mindee,D02,2,CHEM_005,chemical_structure,chemistry,structure,True,59.43311015862047
mindee,D02,2,CHEM_006,chemical_structure,chemistry,structure,True,63.9302982750214
mindee,D02,2,TAB_003,table,table,,False,0.0
mindee,D02,3,CHEM_001,chemical_formula,chemistry,linear_formula,True,41.50000000000001
mindee,D02,3,CHEM_002,chemical_formula,chemistry,linear_formula,True,45.56756756756757
mindee,D02,3,TXT_003,text,text,,True,96.83305455746914
mindee,D02,4,DIA_003,diagram,diagram,,False,0.0
mindee,D02,5,TAB_004,table,table,,False,0.0
mindee,D02,5,TXT_004,text,text,,True,100.0
mindee,D03,2,TXT_005,text,text,,True,100.0
mindee,D03,5,DIA_004,diagram,diagram,,False,0.0
mindee,D03,6,TAB_005,table,table,,False,0.0
mindee,D03,7,TXT_006,text,text,,True,92.31487217947047
mindee,D03,9,DIA_005,diagram,diagram,,False,0.0
mindee,D04,1,MATH_002,math_formula,math,,True,21.658393086964516
mindee,D04,2,MATH_003,math_formula,math,,True,21.12820512820513
mindee,D04,3,MATH_004,math_formula,math,,True,32.94553376906318
mindee,D04,6,MATH_005,math_formula,math,,True,21.59406858202039
mindee,D04,7,TXT_007,text,text,,True,95.5521862072264
mindee,D04,8,TAB_006,table,table,,False,0.0
mindee,D04,9,TXT_008,text,text,,True,93.93690191387562
mindee,D04,10,DIA_006,diagram,diagram,,False,0.0
mindee,D05,2,IMG_004,image,image,,False,0.0
mindee,D05,2,IMG_005,image,image,,False,0.0
mindee,D05,8,DIA_007,diagram,diagram,,False,0.0
mindee,D05,10,TXT_009,text,text,,True,84.48508595511376
mindee,D05,19,MATH_006,math_formula,math,,True,9.597069597069599
mindee,D05,21,TAB_007,table,table,,False,0.0
adobe_extract,D01,4,TAB_001,table,table,,True,87.7782692024178
adobe_extract,D01,8,IMG_001,image,image,,True,79.99969541009418
adobe_extract,D01,8,TAB_002,table,table,,True,89.80045822676897
adobe_extract,D01,9,DIA_001,diagram,diagram,,False,0.0
adobe_extract,D01,9,IMG_002,image,image,,True,79.99774880072043
adobe_extract,D01,15,TXT_001,text,text,,True,100.0
adobe_extract,D01,17,MATH_001,math_formula,math,,False,0.0
adobe_extract,D01,27,IMG_003,image,image,,True,79.99859382331206
adobe_extract,D01,27,TXT_002,text,text,,True,88.44668844668846
adobe_extract,D01,39,DIA_002,diagram,diagram,,False,0.0
adobe_extract,D02,2,CHEM_003,chemical_structure,chemistry,structure,True,38.69457557509496
adobe_extract,D02,2,CHEM_004,chemical_structure,chemistry,structure,True,37.78034230900932
adobe_extract,D02,2,CHEM_005,chemical_structure,chemistry,structure,True,40.1032201523403
adobe_extract,D02,2,CHEM_006,chemical_structure,chemistry,structure,True,42.65264649407571
adobe_extract,D02,2,TAB_003,table,table,,True,69.61123511904762
adobe_extract,D02,3,CHEM_001,chemical_formula,chemistry,linear_formula,True,100.0
adobe_extract,D02,3,CHEM_002,chemical_formula,chemistry,linear_formula,True,100.0
adobe_extract,D02,3,TXT_003,text,text,,True,97.95388840705408
adobe_extract,D02,4,DIA_003,diagram,diagram,,False,0.0
adobe_extract,D02,5,TAB_004,table,table,,True,77.17434894854249
adobe_extract,D02,5,TXT_004,text,text,,True,97.86316211878011
adobe_extract,D03,2,TXT_005,text,text,,True,93.47548978856652
adobe_extract,D03,5,DIA_004,diagram,diagram,,False,0.0
adobe_extract,D03,6,TAB_005,table,table,,True,96.89265536723164
adobe_extract,D03,7,TXT_006,text,text,,True,95.30944306769271
adobe_extract,D03,9,DIA_005,diagram,diagram,,False,0.0
adobe_extract,D04,1,MATH_002,math_formula,math,,False,0.0
adobe_extract,D04,2,MATH_003,math_formula,math,,False,0.0
adobe_extract,D04,3,MATH_004,math_formula,math,,False,0.0
adobe_extract,D04,6,MATH_005,math_formula,math,,False,0.0
adobe_extract,D04,7,TXT_007,text,text,,True,94.79251357038667
adobe_extract,D04,8,TAB_006,table,table,,True,70.23931367852802
adobe_extract,D04,9,TXT_008,text,text,,True,84.90046138072454
adobe_extract,D04,10,DIA_006,diagram,diagram,,False,0.0
adobe_extract,D05,2,IMG_004,image,image,,False,0.0
adobe_extract,D05,2,IMG_005,image,image,,True,59.06754431759859
adobe_extract,D05,8,DIA_007,diagram,diagram,,False,0.0
adobe_extract,D05,10,TXT_009,text,text,,True,84.64056735499078
adobe_extract,D05,19,MATH_006,math_formula,math,,False,0.0
adobe_extract,D05,21,TAB_007,table,table,,False,0.0
llamaparse,D01,4,TAB_001,table,table,,True,72.82629777057022
llamaparse,D01,8,IMG_001,image,image,,False,0.0
llamaparse,D01,8,TAB_002,table,table,,True,90.83221799050604
llamaparse,D01,9,DIA_001,diagram,diagram,,False,0.0
llamaparse,D01,9,IMG_002,image,image,,False,0.0
llamaparse,D01,15,TXT_001,text,text,,True,100.0
llamaparse,D01,17,MATH_001,math_formula,math,,True,37.44051910598414
llamaparse,D01,27,IMG_003,image,image,,False,0.0
llamaparse,D01,27,TXT_002,text,text,,True,89.22027185916075
llamaparse,D01,39,DIA_002,diagram,diagram,,False,0.0
llamaparse,D02,2,CHEM_003,chemical_structure,chemistry,structure,True,38.42176179159068
llamaparse,D02,2,CHEM_004,chemical_structure,chemistry,structure,True,37.63902928073147
llamaparse,D02,2,CHEM_005,chemical_structure,chemistry,structure,True,39.97979298441101
llamaparse,D02,2,CHEM_006,chemical_structure,chemistry,structure,True,42.392537600960594
llamaparse,D02,2,TAB_003,table,table,,True,71.48065476190476
llamaparse,D02,3,CHEM_001,chemical_formula,chemistry,linear_formula,True,100.0
llamaparse,D02,3,CHEM_002,chemical_formula,chemistry,linear_formula,True,100.0
llamaparse,D02,3,TXT_003,text,text,,True,91.59782367166275
llamaparse,D02,4,DIA_003,diagram,diagram,,False,0.0
llamaparse,D02,5,TAB_004,table,table,,True,55.875849410294464
llamaparse,D02,5,TXT_004,text,text,,True,96.26053370786518
llamaparse,D03,2,TXT_005,text,text,,True,100.0
llamaparse,D03,5,DIA_004,diagram,diagram,,False,0.0
llamaparse,D03,6,TAB_005,table,table,,True,51.7434308859746
llamaparse,D03,7,TXT_006,text,text,,True,98.9989219705244
llamaparse,D03,9,DIA_005,diagram,diagram,,False,0.0
llamaparse,D04,1,MATH_002,math_formula,math,,True,53.651188072682096
llamaparse,D04,2,MATH_003,math_formula,math,,True,56.003223207091054
llamaparse,D04,3,MATH_004,math_formula,math,,True,50.006956394390954
llamaparse,D04,6,MATH_005,math_formula,math,,True,51.847866419294995
llamaparse,D04,7,TXT_007,text,text,,True,90.30761191074909
llamaparse,D04,8,TAB_006,table,table,,True,85.32903460304495
llamaparse,D04,9,TXT_008,text,text,,True,88.05089647194912
llamaparse,D04,10,DIA_006,diagram,diagram,,False,0.0
llamaparse,D05,2,IMG_004,image,image,,False,0.0
llamaparse,D05,2,IMG_005,image,image,,False,0.0
llamaparse,D05,8,DIA_007,diagram,diagram,,False,0.0
llamaparse,D05,10,TXT_009,text,text,,True,85.08603517626564
llamaparse,D05,19,MATH_006,math_formula,math,,True,57.68233101585779
llamaparse,D05,21,TAB_007,table,table,,True,74.26909551250165
