tool,document_id,status,pages,processing_seconds,sec_per_page,peak_ram_mb,peak_vram_mb,api_cost_usd,api_cost_basis,matched_objects,missing_objects,adapter_action,installed_version,pinned_version
pymupdf,D01,success,43,5.926651500049047,0.1378291046523034,266.3671875,0.0,0.0,not_applicable_local,8,2,standardize_only,1.28.2,
pymupdf,D02,success,7,2.479653599963058,0.3542362285661511,256.875,0.0,0.0,not_applicable_local,10,1,standardize_only,1.28.2,
pymupdf,D03,success,14,2.770310199994128,0.1978792999995806,296.01953125,0.0,0.0,not_applicable_local,3,2,standardize_only,1.28.2,
pymupdf,D04,success,12,3.3321928999503143,0.2776827416625262,271.1875,0.0,0.0,not_applicable_local,6,2,standardize_only,1.28.2,
pymupdf,D05,success,22,20.454830200003926,0.9297650090910875,558.625,0.0,0.0,not_applicable_local,3,3,standardize_only,1.28.2,
pdfplumber,D01,success,43,2.3051649000044563,0.053608486046615264,728.1953125,0.0,0.0,not_applicable_local,8,2,standardize_only,0.11.10,
pdfplumber,D02,success,7,0.8367144000003464,0.11953062857147805,601.234375,0.0,0.0,not_applicable_local,10,1,standardize_only,0.11.10,
pdfplumber,D03,success,14,0.7538429999985965,0.05384592857132832,598.1484375,0.0,0.0,not_applicable_local,3,2,standardize_only,0.11.10,
pdfplumber,D04,success,12,1.0152760999990278,0.08460634166658565,628.84765625,0.0,0.0,not_applicable_local,6,2,standardize_only,0.11.10,
pdfplumber,D05,success,22,3.5557425000006333,0.16162465909093787,828.7265625,0.0,0.0,not_applicable_local,3,3,standardize_only,0.11.10,
docling,D01,success,43,680.1475232001394,15.817384260468359,8228.3984375,8180.71484375,0.0,not_applicable_local,9,1,standardize_only,2.130.0,
docling,D02,success,7,146.29116129968315,20.898737328526163,8173.04296875,8180.71484375,0.0,not_applicable_local,11,0,standardize_only,2.130.0,
docling,D03,success,14,729.3130992003717,52.09379280002655,9392.828125,8180.71484375,0.0,not_applicable_local,5,0,standardize_only,2.130.0,
docling,D04,success,12,976.9017235999927,81.40847696666606,8497.9375,8180.71484375,0.0,not_applicable_local,8,0,standardize_only,2.130.0,
docling,D05,success,22,4566.106212200131,207.55028237273325,10878.44140625,8180.71484375,0.0,not_applicable_local,5,1,standardize_only,2.130.0,
pdfminer,D01,success,43,1.8365619000978768,0.04271074186274132,580.07421875,0.0,0.0,not_applicable_local,6,4,standardize_only,20260107,
pdfminer,D02,success,7,0.5476084002293646,0.0782297714613378,575.82421875,0.0,0.0,not_applicable_local,8,3,standardize_only,20260107,
pdfminer,D03,success,14,0.5754935997538269,0.041106685696701915,604.0234375,0.0,0.0,not_applicable_local,2,3,standardize_only,20260107,
pdfminer,D04,success,12,0.6343284002505243,0.052860700020877026,573.75,0.0,0.0,not_applicable_local,6,2,standardize_only,20260107,
pdfminer,D05,success,22,266.8974831998348,12.131703781810673,790.890625,0.0,0.0,not_applicable_local,3,3,standardize_only,20260107,
mineru,D01,success,43,53.53860120009631,1.245083748839449,5791.12890625,4745.43359375,0.0,not_applicable_local,8,2,standardize_only,4.0.0,
mineru,D02,success,7,22.587151299696416,3.2267358999566307,3552.359375,4767.93359375,0.0,not_applicable_local,11,0,standardize_only,4.0.0,
mineru,D03,success,14,17.308833099901676,1.2363452214215482,3819.5078125,3603.05859375,0.0,not_applicable_local,4,1,standardize_only,4.0.0,
mineru,D04,success,12,22.51683109998703,1.8764025916655858,3920.05859375,4720.49609375,0.0,not_applicable_local,8,0,standardize_only,4.0.0,
mineru,D05,success,22,149.11876119999215,6.778125509090552,4756.57421875,3764.43359375,0.0,not_applicable_local,5,1,standardize_only,4.0.0,
ocr_space,D01,success,43,156.191,3.6323488372093022,92.39453125,0.0,0.0,actual,5,5,standardize_only,2.32.5,
ocr_space,D02,success,7,37.934,5.419142857142857,90.2578125,0.0,0.0,actual,10,1,standardize_only,2.32.5,
ocr_space,D03,success,14,52.552,3.7537142857142856,90.83984375,0.0,0.0,actual,3,2,standardize_only,2.32.5,
ocr_space,D04,success,12,83.665,6.972083333333334,91.9296875,0.0,0.0,actual,5,3,standardize_only,2.32.5,
ocr_space,D05,success,22,275.492,12.522363636363638,94.2890625,0.0,0.0,actual,2,4,standardize_only,2.32.5,
nutrient,D01,success,43,96.01500000013039,2.232906976747218,96.0546875,0.0,0.0,estimated,8,2,standardize_only,3.1.0,
nutrient,D02,success,7,9.140999999828637,1.3058571428326624,92.6484375,0.0,0.0,estimated,10,1,standardize_only,3.1.0,
nutrient,D03,success,14,5.561999999918044,0.39728571427986026,94.0078125,0.0,0.0,estimated,3,2,standardize_only,3.1.0,
nutrient,D04,success,12,25.95299999974668,2.16274999997889,93.9921875,0.0,0.0,estimated,7,1,standardize_only,3.1.0,
nutrient,D05,success,22,279.35900000017136,12.698136363644153,95.21484375,0.0,0.0,estimated,5,1,standardize_only,3.1.0,
mindee,D01,success,43,43.90599999995902,1.0210697674409075,125.1875,0.0,0.0,estimated,3,7,standardize_only,5.3.1,
mindee,D02,success,7,11.171999999787658,1.5959999999696655,108.8828125,0.0,0.0,estimated,8,3,standardize_only,5.3.1,
mindee,D03,success,14,15.407000000122935,1.100500000008781,117.60546875,0.0,0.0,estimated,2,3,standardize_only,5.3.1,
mindee,D04,success,12,19.625,1.6354166666666667,119.23828125,0.0,0.0,estimated,6,2,standardize_only,5.3.1,
mindee,D05,success,22,50.561999999918044,2.298272727269002,141.2265625,0.0,0.0,estimated,2,4,standardize_only,5.3.1,
adobe_extract,D01,success,43,23.890000000130385,0.5555813953518695,95.32421875,0.0,0.0,estimated,7,3,standardize_only,4.2.0,
adobe_extract,D02,success,7,14.125,2.017857142857143,92.94921875,0.0,0.0,estimated,10,1,standardize_only,4.2.0,
adobe_extract,D03,success,14,17.483999999705702,1.2488571428361215,93.43359375,0.0,0.0,estimated,3,2,standardize_only,4.2.0,
adobe_extract,D04,success,12,15.421999999787658,1.2851666666489716,93.92578125,0.0,0.0,estimated,3,5,standardize_only,4.2.0,
adobe_extract,D05,success,22,67.79700000025332,3.0816818181933328,95.375,0.0,0.0,estimated,2,4,standardize_only,4.2.0,
llamaparse,D01,success,43,56.45300000021234,1.3128604651212172,83.21875,0.0,0.0,estimated,5,5,standardize_only,2.16.0,
llamaparse,D02,success,7,45.15599999995902,6.450857142851289,81.28515625,0.0,0.0,estimated,10,1,standardize_only,2.16.0,
llamaparse,D03,success,14,39.64099999982864,2.8314999999877597,81.5390625,0.0,0.0,estimated,3,2,standardize_only,2.16.0,
llamaparse,D04,success,12,39.20299999974668,3.2669166666455567,82.13671875,0.0,0.0,estimated,7,1,standardize_only,2.16.0,
llamaparse,D05,success,22,92.5,4.204545454545454,84.31640625,0.0,0.0,estimated,3,3,standardize_only,2.16.0,
