left,right,category,n_documents,delta,ci95_low,ci95_high,ci_basis,multiplicity_adjusted
pymupdf,pdfplumber,text,5,17.085396545835025,9.321204446771697,24.849588644898354,paired_document_bootstrap,False
pymupdf,pdfplumber,table,5,1.139702797071061,0.20544784533729227,2.319324684261133,paired_document_bootstrap,False
pymupdf,pdfplumber,math,3,2.1059656500159516,0.5103506389142023,3.7376707063452095,paired_document_bootstrap,False
pymupdf,pdfplumber,chemistry,1,9.845265686654741,,,insufficient_documents,False
pymupdf,pdfplumber,image,2,18.749996444690176,12.5,24.99999288938035,paired_document_bootstrap,False
pymupdf,pdfplumber,diagram,5,0.0,0.0,0.0,paired_document_bootstrap,False
pymupdf,docling,text,5,7.976540602837204,3.694162524733207,14.813869825863183,paired_document_bootstrap,False
pymupdf,docling,table,5,-17.13115250655041,-44.37449997729717,7.403912925915381,paired_document_bootstrap,False
pymupdf,docling,math,3,-14.32074540753963,-33.83226159740393,10.657310888013923,paired_document_bootstrap,False
pymupdf,docling,chemistry,1,8.984312887797515,,,insufficient_documents,False
pymupdf,docling,image,2,7.739932226857988,-6.592589288496065,22.07245374221204,paired_document_bootstrap,False
pymupdf,docling,diagram,5,-42.19306332071985,-48.345084524362036,-36.22282721273143,paired_document_bootstrap,False
pymupdf,pdfminer,text,5,18.324385171001847,0.24788279835090635,51.7637333626079,paired_document_bootstrap,False
pymupdf,pdfminer,table,5,48.58077333815242,13.704021631637607,83.45752504466722,paired_document_bootstrap,False
pymupdf,pdfminer,math,3,0.9835553751862017,-0.7653396830537567,3.2919085389703966,paired_document_bootstrap,False
pymupdf,pdfminer,chemistry,1,-0.15473431334525856,,,insufficient_documents,False
pymupdf,pdfminer,image,2,-3.5553098243212844e-06,-7.110619648642569e-06,0.0,paired_document_bootstrap,False
pymupdf,pdfminer,diagram,5,0.0,0.0,0.0,paired_document_bootstrap,False
pymupdf,mineru,text,5,15.85956150812207,11.494829972890255,20.96749060688946,paired_document_bootstrap,False
pymupdf,mineru,table,5,-22.861364237872813,-46.004698606419296,-0.19533173745511193,paired_document_bootstrap,False
pymupdf,mineru,math,3,-26.065024578695848,-32.50516551141267,-17.319692936645502,paired_document_bootstrap,False
pymupdf,mineru,chemistry,1,35.03776657147123,,,insufficient_documents,False
pymupdf,mineru,image,2,-20.24796218881579,-36.85160281978189,-3.6443215578496932,paired_document_bootstrap,False
pymupdf,mineru,diagram,5,-14.146427784729783,-24.027459374365485,-4.265396195094078,paired_document_bootstrap,False
pymupdf,ocr_space,text,5,40.72159824035034,14.695004966869083,66.74819151383159,paired_document_bootstrap,False
pymupdf,ocr_space,table,5,2.471520277010859,0.11557144231035181,5.081849450307857,paired_document_bootstrap,False
pymupdf,ocr_space,math,3,-25.19098239295582,-37.646786045516166,-2.974459773278234,paired_document_bootstrap,False
pymupdf,ocr_space,chemistry,1,18.3756734384648,,,insufficient_documents,False
pymupdf,ocr_space,image,2,54.76621815476849,29.533761604625,79.99867470491198,paired_document_bootstrap,False
pymupdf,ocr_space,diagram,5,0.0,0.0,0.0,paired_document_bootstrap,False
pymupdf,nutrient,text,5,6.2510300000891705,1.615209800363695,11.554907234352623,paired_document_bootstrap,False
pymupdf,nutrient,table,5,-22.234946223397962,-51.84691301794169,2.5568960502295823,paired_document_bootstrap,False
pymupdf,nutrient,math,3,-11.745228858555492,-26.25054277968213,13.868383516165778,paired_document_bootstrap,False
pymupdf,nutrient,chemistry,1,12.051156797310156,,,insufficient_documents,False
pymupdf,nutrient,image,2,10.548223125065679,-8.481237875628345,29.577684125759703,paired_document_bootstrap,False
pymupdf,nutrient,diagram,5,0.0,0.0,0.0,paired_document_bootstrap,False
pymupdf,mindee,text,5,6.47767974907151,3.052266008538851,11.315859634883122,paired_document_bootstrap,False
pymupdf,mindee,table,5,48.58077333815242,13.704021631637607,83.45752504466722,paired_document_bootstrap,False
pymupdf,mindee,math,3,7.572078853051854,2.1724563569035436,10.493018424043022,paired_document_bootstrap,False
pymupdf,mindee,chemistry,1,30.10010428953143,,,insufficient_documents,False
pymupdf,mindee,image,2,54.76621815476849,29.533761604625,79.99867470491198,paired_document_bootstrap,False
pymupdf,mindee,diagram,5,0.0,0.0,0.0,paired_document_bootstrap,False
pymupdf,adobe_extract,text,5,7.780551521342207,4.217764149242143,12.235880572670325,paired_document_bootstrap,False
pymupdf,adobe_extract,table,5,-17.282051620677198,-45.57597039184421,1.6393244526189505,paired_document_bootstrap,False
pymupdf,adobe_extract,math,3,21.957138474028774,11.399015481201397,34.82456856560633,paired_document_bootstrap,False
pymupdf,adobe_extract,chemistry,1,12.52896641186797,,,insufficient_documents,False
pymupdf,adobe_extract,image,2,-7.596985604152451e-06,-1.0554174295407392e-05,-4.639796912897509e-06,paired_document_bootstrap,False
pymupdf,adobe_extract,diagram,5,0.0,0.0,0.0,paired_document_bootstrap,False
pymupdf,llamaparse,text,5,7.522016675885413,3.525275054986454,11.63938961166759,paired_document_bootstrap,False
pymupdf,llamaparse,table,5,-22.789040855479367,-66.50108199068866,20.923000279729923,paired_document_bootstrap,False
pymupdf,llamaparse,math,3,-27.376247741040128,-38.0344996405792,-18.052739957758448,paired_document_bootstrap,False
pymupdf,llamaparse,chemistry,1,12.628674270971288,,,insufficient_documents,False
pymupdf,llamaparse,image,2,54.76621815476849,29.533761604625,79.99867470491198,paired_document_bootstrap,False
pymupdf,llamaparse,diagram,5,0.0,0.0,0.0,paired_document_bootstrap,False
pdfplumber,docling,text,5,-9.10885594299782,-18.444559320080092,0.22684743408445057,paired_document_bootstrap,False
pdfplumber,docling,table,5,-18.270855303621474,-44.785395667971756,4.686112523481322,paired_document_bootstrap,False
pdfplumber,docling,math,3,-16.42671105755558,-34.342612236318125,8.58743528322548,paired_document_bootstrap,False
pdfplumber,docling,chemistry,1,-0.8609527988572268,,,insufficient_documents,False
pdfplumber,docling,image,2,-11.010064217832188,-19.092589288496065,-2.9275391471683108,paired_document_bootstrap,False
pdfplumber,docling,diagram,5,-42.19306332071985,-48.345084524362036,-36.22282721273143,paired_document_bootstrap,False
pdfplumber,pdfminer,text,5,1.2389886251668216,-21.642956248111485,33.06719528664938,paired_document_bootstrap,False
pdfplumber,pdfminer,table,5,47.44107054108136,13.498573786300316,81.3835672958624,paired_document_bootstrap,False
pdfplumber,pdfminer,math,3,-1.1224102748297498,-2.8352152878421997,-0.08625336927223692,paired_document_bootstrap,False
pdfplumber,pdfminer,chemistry,1,-10.0,,,insufficient_documents,False
pdfplumber,pdfminer,image,2,-18.75,-25.0,-12.5,paired_document_bootstrap,False
pdfplumber,pdfminer,diagram,5,0.0,0.0,0.0,paired_document_bootstrap,False
pdfplumber,mineru,text,5,-1.2258350377129545,-9.880425301014506,7.159805737298962,paired_document_bootstrap,False
pdfplumber,mineru,table,5,-24.001067034943873,-46.48813877735947,-2.196745005994353,paired_document_bootstrap,False
pdfplumber,mineru,math,3,-28.170990228711798,-34.575041116201106,-21.057363642990712,paired_document_bootstrap,False
pdfplumber,mineru,chemistry,1,25.19250088481649,,,insufficient_documents,False
pdfplumber,mineru,image,2,-38.99795863350597,-49.35160281978189,-28.644314447230045,paired_document_bootstrap,False
pdfplumber,mineru,diagram,5,-14.146427784729783,-24.027459374365485,-4.265396195094078,paired_document_bootstrap,False
pdfplumber,ocr_space,text,5,23.636201694515314,-2.8483991656059557,50.12080255463658,paired_document_bootstrap,False
pdfplumber,ocr_space,table,5,1.331817479939798,-0.25229728631946957,3.6468224048725633,paired_document_bootstrap,False
pdfplumber,ocr_space,math,3,-27.296948042971767,-38.15713668443036,-6.712130479623443,paired_document_bootstrap,False
pdfplumber,ocr_space,chemistry,1,8.53040775181006,,,insufficient_documents,False
pdfplumber,ocr_space,image,2,36.01622171007831,17.033761604625,54.998681815531626,paired_document_bootstrap,False
pdfplumber,ocr_space,diagram,5,0.0,0.0,0.0,paired_document_bootstrap,False
pdfplumber,nutrient,text,5,-10.834366545745855,-19.372381426679045,-3.0751870482593886,paired_document_bootstrap,False
pdfplumber,nutrient,table,5,-23.374649020469022,-52.03013351788006,0.5192105415575469,paired_document_bootstrap,False
pdfplumber,nutrient,math,3,-13.851194508571444,-28.320418384470575,10.130712809820569,paired_document_bootstrap,False
pdfplumber,nutrient,chemistry,1,2.205891110655415,,,insufficient_documents,False
pdfplumber,nutrient,image,2,-8.201773319624497,-20.981237875628345,4.577691236379351,paired_document_bootstrap,False
pdfplumber,nutrient,diagram,5,0.0,0.0,0.0,paired_document_bootstrap,False
pdfplumber,mindee,text,5,-10.607716796763516,-18.182819360674706,-3.032614232852322,paired_document_bootstrap,False
pdfplumber,mindee,table,5,47.44107054108136,13.498573786300316,81.3835672958624,paired_document_bootstrap,False
pdfplumber,mindee,math,3,5.466113203035903,1.6621057179893413,7.980886173420554,paired_document_bootstrap,False
pdfplumber,mindee,chemistry,1,20.25483860287669,,,insufficient_documents,False
pdfplumber,mindee,image,2,36.01622171007831,17.033761604625,54.998681815531626,paired_document_bootstrap,False
pdfplumber,mindee,diagram,5,0.0,0.0,0.0,paired_document_bootstrap,False
pdfplumber,adobe_extract,text,5,-9.304845024492817,-16.07584938720987,-3.136406371615041,paired_document_bootstrap,False
pdfplumber,adobe_extract,table,5,-18.421754417748257,-46.40288716373517,-0.15811951113857675,paired_document_bootstrap,False
pdfplumber,adobe_extract,math,3,19.85117282401282,10.888664842287197,31.086897859261118,paired_document_bootstrap,False
pdfplumber,adobe_extract,chemistry,1,2.683700725213228,,,insufficient_documents,False
pdfplumber,adobe_extract,image,2,-18.75000404167578,-24.999997529177264,-12.500010554174295,paired_document_bootstrap,False
pdfplumber,adobe_extract,diagram,5,0.0,0.0,0.0,paired_document_bootstrap,False
pdfplumber,llamaparse,text,5,-9.56337986994961,-18.210730150017504,-1.7884779891032196,paired_document_bootstrap,False
pdfplumber,llamaparse,table,5,-23.92874365255043,-66.70652983602595,18.849042530925093,paired_document_bootstrap,False
pdfplumber,llamaparse,math,3,-29.482213391056078,-40.104375245367635,-21.790410664103657,paired_document_bootstrap,False
pdfplumber,llamaparse,chemistry,1,2.783408584316547,,,insufficient_documents,False
pdfplumber,llamaparse,image,2,36.01622171007831,17.033761604625,54.998681815531626,paired_document_bootstrap,False
pdfplumber,llamaparse,diagram,5,0.0,0.0,0.0,paired_document_bootstrap,False
docling,pdfminer,text,5,10.347844568164643,-4.063128857967169,36.71313569217638,paired_document_bootstrap,False
docling,pdfminer,table,5,65.71192584470283,46.6593731136139,78.90324816573509,paired_document_bootstrap,False
docling,pdfminer,math,3,15.304300782725829,-11.42265057106768,34.25635886704589,paired_document_bootstrap,False
docling,pdfminer,chemistry,1,-9.139047201142773,,,insufficient_documents,False
docling,pdfminer,image,2,-7.739935782167812,-22.07246085283169,6.592589288496065,paired_document_bootstrap,False
docling,pdfminer,diagram,5,42.19306332071985,36.22282721273143,48.345084524362036,paired_document_bootstrap,False
docling,mineru,text,5,7.883020905284866,-0.6016736214920939,16.17186830765214,paired_document_bootstrap,False
docling,mineru,table,5,-5.7302117313224,-11.689571604116475,0.2086783623325367,paired_document_bootstrap,False
docling,mineru,math,3,-11.74427917115622,-43.16247639942659,5.46204630937455,paired_document_bootstrap,False
docling,mineru,chemistry,1,26.053453683673716,,,insufficient_documents,False
docling,mineru,image,2,-27.98789441567378,-30.259013531285824,-25.716775300061734,paired_document_bootstrap,False
docling,mineru,diagram,5,28.04663553599007,15.493751690983322,40.64524808410495,paired_document_bootstrap,False
docling,ocr_space,text,5,32.745057637513135,10.142158345434083,55.34795692959219,paired_document_bootstrap,False
docling,ocr_space,table,5,19.60267278356127,-3.4319188183280516,45.857577558966724,paired_document_bootstrap,False
docling,ocr_space,math,3,-10.87023698541619,-45.60901224808698,16.812825739950647,paired_document_bootstrap,False
docling,ocr_space,chemistry,1,9.391360550667287,,,insufficient_documents,False
docling,ocr_space,image,2,47.0262859279105,36.126350893121064,57.92622096269994,paired_document_bootstrap,False
docling,ocr_space,diagram,5,42.19306332071985,36.22282721273143,48.345084524362036,paired_document_bootstrap,False
docling,nutrient,text,5,-1.7255106027480338,-4.6418581102805545,1.6716064259568326,paired_document_bootstrap,False
docling,nutrient,table,5,-5.10379371684755,-15.7029707208122,8.964143756701827,paired_document_bootstrap,False
docling,nutrient,math,3,2.5755165489841354,-36.90785366769605,33.65566902939466,paired_document_bootstrap,False
docling,nutrient,chemistry,1,3.0668439095126416,,,insufficient_documents,False
docling,nutrient,image,2,2.808290898207691,-1.8886485871322805,7.505230383547662,paired_document_bootstrap,False
docling,nutrient,diagram,5,42.19306332071985,36.22282721273143,48.345084524362036,paired_document_bootstrap,False
docling,mindee,text,5,-1.4988608537656944,-4.3527770747249175,1.1165068431502418,paired_document_bootstrap,False
docling,mindee,table,5,65.71192584470283,46.6593731136139,78.90324816573509,paired_document_bootstrap,False
docling,mindee,math,3,21.892824260591482,-0.6065491098049254,36.004717954307466,paired_document_bootstrap,False
docling,mindee,chemistry,1,21.115791401733915,,,insufficient_documents,False
docling,mindee,image,2,47.0262859279105,36.126350893121064,57.92622096269994,paired_document_bootstrap,False
docling,mindee,diagram,5,42.19306332071985,36.22282721273143,48.345084524362036,paired_document_bootstrap,False
docling,adobe_extract,text,5,-0.19598908149499722,-4.073457904543045,3.9310260338269503,paired_document_bootstrap,False
docling,adobe_extract,table,5,-0.1508991141267842,-28.324150163514663,33.21959802820091,paired_document_bootstrap,False
docling,adobe_extract,math,3,36.2778838815684,8.990520487264673,54.6118540788352,paired_document_bootstrap,False
docling,adobe_extract,chemistry,1,3.544653524070455,,,insufficient_documents,False
docling,adobe_extract,image,2,-7.739939823843592,-22.072458382008953,6.592578734321769,paired_document_bootstrap,False
docling,adobe_extract,diagram,5,42.19306332071985,36.22282721273143,48.345084524362036,paired_document_bootstrap,False
docling,llamaparse,text,5,-0.4545239269517907,-4.206945685047652,4.053920301076985,paired_document_bootstrap,False
docling,llamaparse,table,5,-5.657888348928955,-32.74367607050232,14.942182004791311,paired_document_bootstrap,False
docling,llamaparse,math,3,-13.055502333500499,-48.691810528593116,7.790757972621186,paired_document_bootstrap,False
docling,llamaparse,chemistry,1,3.6443613831737736,,,insufficient_documents,False
docling,llamaparse,image,2,47.0262859279105,36.126350893121064,57.92622096269994,paired_document_bootstrap,False
docling,llamaparse,diagram,5,42.19306332071985,36.22282721273143,48.345084524362036,paired_document_bootstrap,False
pdfminer,mineru,text,5,-2.4648236628797777,-36.64049777376271,19.218862508744593,paired_document_bootstrap,False
pdfminer,mineru,table,5,-71.44213757602523,-87.45444741575324,-51.898620564304665,paired_document_bootstrap,False
pdfminer,mineru,math,3,-27.04857995388205,-31.739825828358914,-20.6116014756159,paired_document_bootstrap,False
pdfminer,mineru,chemistry,1,35.19250088481649,,,insufficient_documents,False
pdfminer,mineru,image,2,-20.247958633505966,-36.85160281978189,-3.6443144472300446,paired_document_bootstrap,False
pdfminer,mineru,diagram,5,-14.146427784729783,-24.027459374365485,-4.265396195094078,paired_document_bootstrap,False
pdfminer,ocr_space,text,5,22.397213069348492,1.348122687468993,43.47260075770535,paired_document_bootstrap,False
pdfminer,ocr_space,table,5,-46.10925306114156,-79.87743479844919,-12.341071323833933,paired_document_bootstrap,False
pdfminer,ocr_space,math,3,-26.17453776814202,-38.07088331515813,-6.2663683122486304,paired_document_bootstrap,False
pdfminer,ocr_space,chemistry,1,18.53040775181006,,,insufficient_documents,False
pdfminer,ocr_space,image,2,54.76622171007831,29.533761604625,79.99868181553163,paired_document_bootstrap,False
pdfminer,ocr_space,diagram,5,0.0,0.0,0.0,paired_document_bootstrap,False
pdfminer,nutrient,text,5,-12.073355170912677,-40.455363781254576,4.065537287492506,paired_document_bootstrap,False
pdfminer,nutrient,table,5,-70.81571956155038,-88.09116733024423,-50.108579547386874,paired_document_bootstrap,False
pdfminer,nutrient,math,3,-12.728784233741694,-25.48520309662838,10.576474977195382,paired_document_bootstrap,False
pdfminer,nutrient,chemistry,1,12.205891110655415,,,insufficient_documents,False
pdfminer,nutrient,image,2,10.548226680375503,-8.481237875628345,29.57769123637935,paired_document_bootstrap,False
pdfminer,nutrient,diagram,5,0.0,0.0,0.0,paired_document_bootstrap,False
pdfminer,mindee,text,5,-11.846705421930338,-40.447873727724776,3.4601368874367777,paired_document_bootstrap,False
pdfminer,mindee,table,5,0.0,0.0,0.0,paired_document_bootstrap,False
pdfminer,mindee,math,3,6.588523477865652,1.7483590872615782,10.816101461262754,paired_document_bootstrap,False
pdfminer,mindee,chemistry,1,30.25483860287669,,,insufficient_documents,False
pdfminer,mindee,image,2,54.76622171007831,29.533761604625,79.99868181553163,paired_document_bootstrap,False
pdfminer,mindee,diagram,5,0.0,0.0,0.0,paired_document_bootstrap,False
pdfminer,adobe_extract,text,5,-10.543833649659641,-40.288406235567464,6.375239781976359,paired_document_bootstrap,False
pdfminer,adobe_extract,table,5,-65.86282495882962,-88.95136603948902,-32.43643114967769,paired_document_bootstrap,False
pdfminer,adobe_extract,math,3,20.97358309884257,10.974918211559434,31.532660026635927,paired_document_bootstrap,False
pdfminer,adobe_extract,chemistry,1,12.683700725213228,,,insufficient_documents,False
pdfminer,adobe_extract,image,2,-4.0416757798311664e-06,-1.0554174295407392e-05,2.4708227357450596e-06,paired_document_bootstrap,False
pdfminer,adobe_extract,diagram,5,0.0,0.0,0.0,paired_document_bootstrap,False
pdfminer,llamaparse,text,5,-10.802368495116434,-40.540387721906484,6.79087895892616,paired_document_bootstrap,False
pdfminer,llamaparse,table,5,-71.36981419363178,-81.71713609593357,-60.84751586941367,paired_document_bootstrap,False
pdfminer,llamaparse,math,3,-28.359803116226328,-37.26915995752544,-21.344648496728848,paired_document_bootstrap,False
pdfminer,llamaparse,chemistry,1,12.783408584316547,,,insufficient_documents,False
pdfminer,llamaparse,image,2,54.76622171007831,29.533761604625,79.99868181553163,paired_document_bootstrap,False
pdfminer,llamaparse,diagram,5,0.0,0.0,0.0,paired_document_bootstrap,False
mineru,ocr_space,text,5,24.86203673222827,1.1761209297706343,48.86783967955588,paired_document_bootstrap,False
mineru,ocr_space,table,5,25.33288451488367,4.293783944830457,46.23584149104,paired_document_bootstrap,False
mineru,ocr_space,math,3,0.8740421857400307,-9.276570757486787,14.345233163367269,paired_document_bootstrap,False
mineru,ocr_space,chemistry,1,-16.66209313300643,,,insufficient_documents,False
mineru,ocr_space,image,2,75.01418034358429,66.38536442440689,83.64299626276167,paired_document_bootstrap,False
mineru,ocr_space,diagram,5,14.146427784729783,4.265396195094078,24.027459374365485,paired_document_bootstrap,False
mineru,nutrient,text,5,-9.6085315080329,-15.539050449089071,-3.8285266272645315,paired_document_bootstrap,False
mineru,nutrient,table,5,0.6264180144748493,-11.145939272397811,12.39877530134751,paired_document_bootstrap,False
mineru,nutrient,math,3,14.319795720140355,5.51668797587925,31.188076452811277,paired_document_bootstrap,False
mineru,nutrient,chemistry,1,-22.986609774161074,,,insufficient_documents,False
mineru,nutrient,image,2,30.79618531388147,28.370364944153543,33.222005683609396,paired_document_bootstrap,False
mineru,nutrient,diagram,5,14.146427784729783,4.265396195094078,24.027459374365485,paired_document_bootstrap,False
mineru,mindee,text,5,-9.381881759050561,-15.978940509119758,-2.8231921274881584,paired_document_bootstrap,False
mineru,mindee,table,5,71.44213757602523,51.898620564304665,87.45444741575324,paired_document_bootstrap,False
mineru,mindee,math,3,33.637103431747704,27.812711360688525,42.555927289621664,paired_document_bootstrap,False
mineru,mindee,chemistry,1,-4.937662281939801,,,insufficient_documents,False
mineru,mindee,image,2,75.01418034358429,66.38536442440689,83.64299626276167,paired_document_bootstrap,False
mineru,mindee,diagram,5,14.146427784729783,4.265396195094078,24.027459374365485,paired_document_bootstrap,False
mineru,adobe_extract,text,5,-8.079009986779862,-13.878385550525408,-2.279634423034318,paired_document_bootstrap,False
mineru,adobe_extract,table,5,5.579312617195614,-21.015794400613558,35.101990149412174,paired_document_bootstrap,False
mineru,adobe_extract,math,3,48.02216305272462,39.769230769230774,52.15299688669126,paired_document_bootstrap,False
mineru,adobe_extract,chemistry,1,-22.50880015960326,,,insufficient_documents,False
mineru,adobe_extract,image,2,20.247954591830187,3.6443169180527804,36.85159226560759,paired_document_bootstrap,False
mineru,adobe_extract,diagram,5,14.146427784729783,4.265396195094078,24.027459374365485,paired_document_bootstrap,False
mineru,llamaparse,text,5,-8.337544832236656,-12.41070184890989,-3.8826082472352255,paired_document_bootstrap,False
mineru,llamaparse,table,5,0.07232338239344357,-25.743844528948586,24.919922650815924,paired_document_bootstrap,False
mineru,llamaparse,math,3,-1.3112231623442792,-5.5293341291665286,2.3287116632466365,paired_document_bootstrap,False
mineru,llamaparse,chemistry,1,-22.409092300499942,,,insufficient_documents,False
mineru,llamaparse,image,2,75.01418034358429,66.38536442440689,83.64299626276167,paired_document_bootstrap,False
mineru,llamaparse,diagram,5,14.146427784729783,4.265396195094078,24.027459374365485,paired_document_bootstrap,False
ocr_space,nutrient,text,5,-34.470568240261166,-58.35253265657301,-10.588603823949331,paired_document_bootstrap,False
ocr_space,nutrient,table,5,-24.706466500408823,-53.18763598034644,-2.270573061481784,paired_document_bootstrap,False
ocr_space,nutrient,math,3,13.445753534400325,8.701158580390924,16.842843289444012,paired_document_bootstrap,False
ocr_space,nutrient,chemistry,1,-6.324516641154645,,,insufficient_documents,False
ocr_space,nutrient,image,2,-44.217995029702806,-50.420990579152274,-38.014999480253344,paired_document_bootstrap,False
ocr_space,nutrient,diagram,5,0.0,0.0,0.0,paired_document_bootstrap,False
ocr_space,mindee,text,5,-34.243918491278826,-58.85774561948112,-9.674827539456702,paired_document_bootstrap,False
ocr_space,mindee,table,5,46.10925306114156,12.341071323833933,79.87743479844919,paired_document_bootstrap,False
ocr_space,mindee,math,3,32.76306124600767,13.467478197321256,45.00246313828205,paired_document_bootstrap,False
ocr_space,mindee,chemistry,1,11.724430851066629,,,insufficient_documents,False
ocr_space,mindee,image,2,0.0,0.0,0.0,paired_document_bootstrap,False
ocr_space,mindee,diagram,5,0.0,0.0,0.0,paired_document_bootstrap,False
ocr_space,adobe_extract,text,5,-32.941046719008135,-57.737126056105865,-8.642935090849296,paired_document_bootstrap,False
ocr_space,adobe_extract,table,5,-19.753571897688055,-47.4777677687561,-0.2889077428977089,paired_document_bootstrap,False
ocr_space,adobe_extract,math,3,47.14812086698459,37.79902833888456,54.59953273535165,paired_document_bootstrap,False
ocr_space,adobe_extract,chemistry,1,-5.846707026596832,,,insufficient_documents,False
ocr_space,adobe_extract,image,2,-54.76622575175409,-79.99867934470889,-29.533772158799295,paired_document_bootstrap,False
ocr_space,adobe_extract,diagram,5,0.0,0.0,0.0,paired_document_bootstrap,False
ocr_space,llamaparse,text,5,-33.19958156446493,-56.19012789851325,-10.209035230416593,paired_document_bootstrap,False
ocr_space,llamaparse,table,5,-25.260561132490228,-67.86403229849233,17.342910033511878,paired_document_bootstrap,False
ocr_space,llamaparse,math,3,-2.1852653480843096,-15.078280184480214,11.605282420733424,paired_document_bootstrap,False
ocr_space,llamaparse,chemistry,1,-5.746999167493513,,,insufficient_documents,False
ocr_space,llamaparse,image,2,0.0,0.0,0.0,paired_document_bootstrap,False
ocr_space,llamaparse,diagram,5,0.0,0.0,0.0,paired_document_bootstrap,False
nutrient,mindee,text,5,0.22664974898233936,-1.5247969198727729,1.8753141116171292,paired_document_bootstrap,False
nutrient,mindee,table,5,70.81571956155038,50.108579547386874,88.09116733024423,paired_document_bootstrap,False
nutrient,mindee,math,3,19.317307711607345,-3.375365092122756,36.30130455789113,paired_document_bootstrap,False
nutrient,mindee,chemistry,1,18.048947492221274,,,insufficient_documents,False
nutrient,mindee,image,2,44.217995029702806,38.014999480253344,50.420990579152274,paired_document_bootstrap,False
nutrient,mindee,diagram,5,0.0,0.0,0.0,paired_document_bootstrap,False
nutrient,adobe_extract,text,5,1.5295215212530366,-0.11849454185544346,3.3162260272427004,paired_document_bootstrap,False
nutrient,adobe_extract,table,5,4.952894602720765,-25.6626019002128,41.73386232692988,paired_document_bootstrap,False
nutrient,adobe_extract,math,3,33.70236733258427,20.95618504944055,45.89837415496073,paired_document_bootstrap,False
nutrient,adobe_extract,chemistry,1,0.47780961455781323,,,insufficient_documents,False
nutrient,adobe_extract,image,2,-10.548230722051283,-29.577688765556616,8.48122732145405,paired_document_bootstrap,False
nutrient,adobe_extract,diagram,5,0.0,0.0,0.0,paired_document_bootstrap,False
nutrient,llamaparse,text,5,1.2709866757962431,-0.7667327892885396,3.553024432454117,paired_document_bootstrap,False
nutrient,llamaparse,table,5,-0.5540946320814057,-30.383818062938037,27.068675038914215,paired_document_bootstrap,False
nutrient,llamaparse,math,3,-15.631018882484634,-31.921123473924226,-3.187976312632614,paired_document_bootstrap,False
nutrient,llamaparse,chemistry,1,0.5775174736611319,,,insufficient_documents,False
nutrient,llamaparse,image,2,44.217995029702806,38.014999480253344,50.420990579152274,paired_document_bootstrap,False
nutrient,llamaparse,diagram,5,0.0,0.0,0.0,paired_document_bootstrap,False
mindee,adobe_extract,text,5,1.3028717722706973,-0.1610673572625103,3.191590283080765,paired_document_bootstrap,False
mindee,adobe_extract,table,5,-65.86282495882962,-88.95136603948902,-32.43643114967769,paired_document_bootstrap,False
mindee,adobe_extract,math,3,14.38505962097692,9.226559124297856,24.33155014156331,paired_document_bootstrap,False
mindee,adobe_extract,chemistry,1,-17.57113787766346,,,insufficient_documents,False
mindee,adobe_extract,image,2,-54.76622575175409,-79.99867934470889,-29.533772158799295,paired_document_bootstrap,False
mindee,adobe_extract,diagram,5,0.0,0.0,0.0,paired_document_bootstrap,False
mindee,llamaparse,text,5,1.0443369268139038,-1.8121916854108207,4.059047697830437,paired_document_bootstrap,False
mindee,llamaparse,table,5,-71.36981419363178,-81.71713609593357,-60.84751586941367,paired_document_bootstrap,False
mindee,llamaparse,math,3,-34.94832659409198,-48.085261418788185,-28.213959981686276,paired_document_bootstrap,False
mindee,llamaparse,chemistry,1,-17.47143001856014,,,insufficient_documents,False
mindee,llamaparse,image,2,0.0,0.0,0.0,paired_document_bootstrap,False
mindee,llamaparse,diagram,5,0.0,0.0,0.0,paired_document_bootstrap,False
adobe_extract,llamaparse,text,5,-0.2585348454567935,-3.0081084186854836,2.2328912613974183,paired_document_bootstrap,False
adobe_extract,llamaparse,table,5,-5.506989234802171,-41.77741497387889,25.46361167066189,paired_document_bootstrap,False
adobe_extract,llamaparse,math,3,-49.3333862150689,-57.68233101585779,-37.44051910598414,paired_document_bootstrap,False
adobe_extract,llamaparse,chemistry,1,0.0997078591033187,,,insufficient_documents,False
adobe_extract,llamaparse,image,2,54.76622575175409,29.533772158799295,79.99867934470889,paired_document_bootstrap,False
adobe_extract,llamaparse,diagram,5,0.0,0.0,0.0,paired_document_bootstrap,False
