tool,document_id,text,table,math,chemistry,image,diagram
pymupdf,D01,2150,15,17,0,13,0
pymupdf,D02,611,9,0,31,5,0
pymupdf,D03,484,2,0,0,11,0
pymupdf,D04,831,0,6,0,579,0
pymupdf,D05,3980,0,24,0,22,0
pdfplumber,D01,8580,14,27,0,13,0
pdfplumber,D02,2979,9,0,27,5,0
pdfplumber,D03,1860,2,0,0,11,0
pdfplumber,D04,3450,0,12,0,579,0
pdfplumber,D05,15656,0,62,0,22,0
docling,D01,341,15,48,0,2,10
docling,D02,80,9,2,27,0,1
docling,D03,131,2,0,0,2,9
docling,D04,124,7,12,0,0,3
docling,D05,419,1,88,3,2,18
pdfminer,D01,1986,0,17,0,13,0
pdfminer,D02,604,0,0,31,5,0
pdfminer,D03,461,0,0,0,11,0
pdfminer,D04,840,0,6,0,3,0
pdfminer,D05,69110,0,46,0,22,0
mineru,D01,353,14,40,0,13,0
mineru,D02,80,9,2,23,0,2
mineru,D03,130,3,0,0,3,6
mineru,D04,137,7,9,0,2,6
mineru,D05,435,1,83,6,14,9
ocr_space,D01,1777,10,36,0,0,0
ocr_space,D02,529,8,0,56,0,0
ocr_space,D03,798,2,0,0,0,0
ocr_space,D04,659,4,36,0,0,0
ocr_space,D05,2347,0,24,10,0,0
nutrient,D01,409,14,43,0,12,0
nutrient,D02,99,9,2,26,1,0
nutrient,D03,153,2,0,0,11,0
nutrient,D04,146,7,10,0,3,0
nutrient,D05,464,2,85,1,25,0
mindee,D01,8682,0,22,0,0,0
mindee,D02,2793,0,0,26,0,0
mindee,D03,4281,0,0,0,0,0
mindee,D04,4452,0,14,0,0,0
mindee,D05,15466,0,75,7,0,0
adobe_extract,D01,687,11,0,0,172,0
adobe_extract,D02,251,9,0,35,3,0
adobe_extract,D03,218,2,0,0,15,0
adobe_extract,D04,467,7,0,0,29,0
adobe_extract,D05,549,0,0,1,268,0
llamaparse,D01,424,14,123,0,0,0
llamaparse,D02,99,11,35,29,0,0
llamaparse,D03,146,8,3,0,1,0
llamaparse,D04,133,14,216,0,0,0
llamaparse,D05,416,11,874,16,0,0
