tool,run_id,integrity_status,errors_count,warnings_count,text_score,table_score,math_score,chemistry_score,image_score,diagram_score,chemistry_detection_score,chemistry_structured_extraction_score,overall_score,total_pages,total_processing_time_sec,sec_per_page,peak_ram_mb,peak_vram_mb,api_cost_usd,api_cost_basis,failed_runs_count,matched_objects,missing_objects,name,deployment,technology
pymupdf,exp_20261004T095716Z_s42_2334c932_pymupdf,clean,0,0,99.98282967033,48.580773338152,21.957138474029,82.432814478183,54.766218154769,0.0,100.0,74.904020683119,51.286629019244,98,34.96363839996047,0.35677182040775995,558.625,0.0,0.0,not_applicable_local,0,30,10,PyMuPDF,local,classic_local
pdfplumber,exp_20261004T095716Z_s42_2334c932_pdfplumber,clean,0,0,82.897433124495,47.441070541082,19.851172824013,72.587548791529,36.016221710078,0.0,100.0,60.839355416469,43.132241165199,98,8.46674090000306,0.08639531530615367,828.7265625,0.0,0.0,not_applicable_local,0,30,10,pdfplumber,local,classic_local
docling,exp_20261004T095716Z_s42_2334c932_docling,clean,0,0,92.006289067493,65.711925844703,36.277883881568,73.448501590386,47.026285927911,42.19306332072,100.0,62.069287986265,59.443991605463,98,7098.759719500318,72.43632366837059,10878.44140625,8180.71484375,0.0,not_applicable_local,0,38,2,Docling,local,ml_local
pdfminer,exp_20261004T095716Z_s42_2334c932_pdfminer,clean,0,0,81.658444499328,0.0,20.973583098842,82.587548791528,54.766221710078,0.0,100.0,75.125069702183,39.997633016629,98,270.4914755001664,2.7601170969404736,790.890625,0.0,0.0,not_applicable_local,0,25,15,pdfminer.six,local,classic_local
mineru,exp_20261004T095716Z_s42_2334c932_mineru,clean,0,0,84.123268162208,71.442137576025,48.022163052725,47.395047906711,75.014180343584,14.14642778473,100.0,39.035989659795,56.690537470997,98,265.0701778996736,2.7047977336701385,5791.12890625,4767.93359375,0.0,not_applicable_local,0,36,4,MinerU,local,ml_local
ocr_space,exp_20261004T095716Z_s42_2334c932_ocr_space,clean,0,0,59.261231429979,46.109253061142,47.148120866985,64.057141039719,0.0,0.0,100.0,61.690462103072,36.095957732971,98,605.8340000000001,6.181979591836735,94.2890625,0.0,0.0,actual,0,25,15,OCR.Space,cloud,cloud_unspecified
nutrient,exp_20261004T095716Z_s42_2334c932_nutrient,clean,0,0,93.73179967024,70.81571956155,33.702367332585,70.381657680873,44.217995029703,0.0,100.0,57.688082401247,52.141589879158,98,416.0299999997951,4.245204081630562,96.0546875,0.0,0.0,estimated,0,33,7,Nutrient,cloud,cloud_unspecified
mindee,exp_20261004T095716Z_s42_2334c932_mindee,clean,0,0,93.505149921258,0.0,14.385059620977,52.332710188652,0.0,0.0,100.0,44.003775172977,26.703819955148,98,140.67199999978766,1.4354285714264048,141.2265625,0.0,0.0,estimated,0,21,19,Mindee,cloud,cloud_unspecified
adobe_extract,exp_20261004T095716Z_s42_2334c932_adobe_extract,clean,0,0,92.202278148988,65.86282495883,0.0,69.903848066315,54.766225751754,0.0,100.0,57.005497237593,47.122529487648,98,138.71799999987707,1.4154897959171129,95.375,0.0,0.0,estimated,0,25,15,Adobe Extract,cloud,cloud_unspecified
llamaparse,exp_20261004T095716Z_s42_2334c932_llamaparse,clean,0,0,92.460812994444,71.369814193632,49.333386215069,69.804140207212,0.0,0.0,100.0,56.863057438874,47.161358935059,98,272.9529999997467,2.785234693874966,84.31640625,0.0,0.0,estimated,0,28,12,LlamaParse,cloud,cloud_unspecified
